,Train Time,Loss Value,Iterations,Class_0_precision,Class_1_precision,Class_2_precision,Class_3_precision,Class_4_precision,Class_5_precision,Class_6_precision,Class_7_precision,Class_8_precision,Class_9_precision,Class_0_recal,Class_1_recal,Class_2_recal,Class_3_recal,Class_4_recal,Class_5_recal,Class_6_recal,Class_7_recal,Class_8_recal,Class_9_recal,Confmat_0,Confmat_1,Confmat_2,Confmat_3,Confmat_4,Confmat_5,Confmat_6,Confmat_7,Confmat_8,Confmat_9,Confmat_10,Confmat_11,Confmat_12,Confmat_13,Confmat_14,Confmat_15,Confmat_16,Confmat_17,Confmat_18,Confmat_19,Confmat_20,Confmat_21,Confmat_22,Confmat_23,Confmat_24,Confmat_25,Confmat_26,Confmat_27,Confmat_28,Confmat_29,Confmat_30,Confmat_31,Confmat_32,Confmat_33,Confmat_34,Confmat_35,Confmat_36,Confmat_37,Confmat_38,Confmat_39,Confmat_40,Confmat_41,Confmat_42,Confmat_43,Confmat_44,Confmat_45,Confmat_46,Confmat_47,Confmat_48,Confmat_49,Confmat_50,Confmat_51,Confmat_52,Confmat_53,Confmat_54,Confmat_55,Confmat_56,Confmat_57,Confmat_58,Confmat_59,Confmat_60,Confmat_61,Confmat_62,Confmat_63,Confmat_64,Confmat_65,Confmat_66,Confmat_67,Confmat_68,Confmat_69,Confmat_70,Confmat_71,Confmat_72,Confmat_73,Confmat_74,Confmat_75,Confmat_76,Confmat_77,Confmat_78,Confmat_79,Confmat_80,Confmat_81,Confmat_82,Confmat_83,Confmat_84,Confmat_85,Confmat_86,Confmat_87,Confmat_88,Confmat_89,Confmat_90,Confmat_91,Confmat_92,Confmat_93,Confmat_94,Confmat_95,Confmat_96,Confmat_97,Confmat_98,Confmat_99
0,74.359375,0.08313977244526968,143.0,0.9376947040498442,0.9755351681957186,0.8098256735340729,0.8522550544323484,0.9038461538461539,0.8582677165354331,0.9466437177280551,0.952,0.8769771528998243,0.9043478260869565,0.9632,0.9710806697108066,0.8856152512998267,0.862992125984252,0.8991304347826087,0.8879837067209776,0.9166666666666666,0.9239130434782609,0.8588640275387264,0.8455284552845529,602.0,0.0,1.0,6.0,0.0,4.0,6.0,3.0,3.0,0.0,0.0,638.0,5.0,3.0,1.0,3.0,0.0,1.0,4.0,2.0,9.0,3.0,511.0,12.0,10.0,5.0,9.0,5.0,13.0,0.0,0.0,2.0,35.0,548.0,0.0,20.0,1.0,5.0,14.0,10.0,2.0,1.0,19.0,2.0,517.0,1.0,6.0,4.0,3.0,20.0,7.0,2.0,5.0,23.0,1.0,436.0,6.0,0.0,8.0,3.0,7.0,1.0,18.0,0.0,2.0,13.0,550.0,0.0,9.0,0.0,1.0,2.0,14.0,9.0,4.0,1.0,0.0,595.0,5.0,13.0,8.0,1.0,17.0,19.0,6.0,20.0,3.0,1.0,499.0,7.0,6.0,4.0,6.0,21.0,31.0,5.0,0.0,11.0,11.0,520.0
1,137.78125,0.3238638499881452,263.0,0.9412698412698413,0.9213973799126638,0.8860759493670886,0.8526490066225165,0.8653846153846154,0.7357001972386588,0.7320954907161804,0.9137134052388289,0.636150234741784,0.8317152103559871,0.9488,0.9634703196347032,0.8492201039861352,0.8110236220472441,0.8608695652173913,0.7596741344195519,0.92,0.9208074534161491,0.4664371772805508,0.8357723577235773,593.0,0.0,6.0,0.0,0.0,6.0,12.0,0.0,3.0,5.0,0.0,633.0,2.0,5.0,1.0,4.0,0.0,2.0,6.0,4.0,7.0,11.0,490.0,20.0,6.0,0.0,6.0,5.0,30.0,2.0,0.0,2.0,24.0,515.0,4.0,43.0,1.0,19.0,21.0,6.0,6.0,1.0,5.0,0.0,495.0,2.0,8.0,1.0,8.0,49.0,5.0,0.0,2.0,27.0,9.0,373.0,21.0,0.0,48.0,6.0,8.0,1.0,5.0,0.0,6.0,0.0,552.0,0.0,27.0,1.0,1.0,4.0,5.0,7.0,4.0,0.0,1.0,593.0,4.0,25.0,5.0,33.0,14.0,24.0,16.0,67.0,142.0,3.0,271.0,6.0,5.0,2.0,0.0,6.0,31.0,12.0,11.0,26.0,8.0,514.0
2,50.828125,0.15255754498366447,96.0,0.9507154213036566,0.9577677224736049,0.906934306569343,0.9182948490230906,0.8960138648180243,0.8388888888888889,0.9383561643835616,0.9044006069802731,0.7857142857142857,0.8721934369602763,0.9568,0.9665144596651446,0.8613518197573656,0.8141732283464567,0.8991304347826087,0.9226069246435845,0.9133333333333333,0.9254658385093167,0.8898450946643718,0.8211382113821138,598.0,0.0,1.0,1.0,1.0,4.0,4.0,2.0,13.0,1.0,0.0,635.0,5.0,3.0,1.0,3.0,1.0,2.0,5.0,2.0,7.0,8.0,497.0,5.0,8.0,2.0,12.0,2.0,34.0,2.0,1.0,4.0,18.0,517.0,1.0,36.0,1.0,19.0,30.0,8.0,4.0,1.0,7.0,0.0,517.0,1.0,4.0,2.0,6.0,33.0,3.0,1.0,1.0,13.0,2.0,453.0,7.0,3.0,6.0,2.0,3.0,1.0,5.0,0.0,4.0,13.0,548.0,0.0,26.0,0.0,0.0,4.0,4.0,1.0,6.0,2.0,0.0,596.0,6.0,25.0,5.0,4.0,8.0,11.0,5.0,19.0,7.0,4.0,517.0,1.0,8.0,5.0,2.0,12.0,32.0,7.0,0.0,29.0,15.0,505.0
3,118.3125,0.6151379304719108,224.0,0.7486338797814208,0.8984848484848484,0.803030303030303,0.750402576489533,0.7547495682210709,0.6192170818505338,0.7911111111111111,0.8618421052631579,0.6597701149425287,0.7283333333333334,0.8768,0.9025875190258752,0.7348353552859619,0.7338582677165354,0.76,0.7087576374745418,0.89,0.8136645962732919,0.4939759036144578,0.7105691056910569,548.0,0.0,3.0,30.0,0.0,21.0,15.0,0.0,8.0,0.0,1.0,593.0,35.0,4.0,2.0,1.0,4.0,9.0,5.0,3.0,38.0,24.0,424.0,38.0,2.0,1.0,36.0,0.0,14.0,0.0,54.0,4.0,24.0,466.0,5.0,37.0,3.0,30.0,10.0,2.0,2.0,5.0,1.0,0.0,437.0,0.0,23.0,1.0,11.0,95.0,42.0,0.0,11.0,33.0,2.0,348.0,8.0,1.0,43.0,3.0,14.0,1.0,9.0,0.0,12.0,3.0,534.0,0.0,26.0,1.0,0.0,14.0,4.0,27.0,7.0,2.0,0.0,524.0,13.0,53.0,28.0,18.0,17.0,18.0,23.0,132.0,48.0,4.0,287.0,6.0,5.0,1.0,0.0,5.0,89.0,17.0,4.0,39.0,18.0,437.0
4,158.84375,0.2725712409743146,298.0,0.8621190130624092,0.9042709867452136,0.7987117552334944,0.9001848428835489,0.8769771528998243,0.8379629629629629,0.9103690685413005,0.9070121951219512,0.6902255639097744,0.853195164075993,0.9504,0.9345509893455098,0.8596187175043327,0.7669291338582677,0.8678260869565217,0.7372708757637475,0.8633333333333333,0.9239130434782609,0.7900172117039587,0.8032520325203252,594.0,0.0,6.0,1.0,0.0,8.0,3.0,0.0,12.0,1.0,1.0,614.0,14.0,2.0,1.0,1.0,1.0,3.0,20.0,0.0,8.0,3.0,496.0,2.0,4.0,4.0,28.0,3.0,28.0,1.0,3.0,20.0,14.0,487.0,1.0,16.0,4.0,10.0,60.0,20.0,7.0,3.0,5.0,1.0,499.0,8.0,8.0,4.0,11.0,29.0,25.0,2.0,4.0,27.0,11.0,362.0,4.0,2.0,44.0,10.0,32.0,5.0,24.0,1.0,8.0,5.0,518.0,0.0,7.0,0.0,2.0,3.0,12.0,3.0,2.0,3.0,0.0,595.0,5.0,19.0,10.0,26.0,44.0,10.0,9.0,13.0,3.0,2.0,459.0,5.0,7.0,3.0,2.0,7.0,34.0,12.0,0.0,37.0,19.0,494.0
5,33.25,1.4382978599905967,66.0,0.0,0.9829984544049459,0.0,0.16784602320973677,0.7460629921259843,0.6666666666666666,0.0,0.5691176470588235,0.1,0.48863636363636365,0.0,0.9680365296803652,0.0,0.9338582677165355,0.6591304347826087,0.004073319755600814,0.0,0.6009316770186336,0.0017211703958691911,0.4894308943089431,0.0,0.0,0.0,622.0,0.0,0.0,0.0,3.0,0.0,0.0,0.0,636.0,0.0,15.0,0.0,0.0,0.0,3.0,3.0,0.0,0.0,1.0,0.0,562.0,0.0,0.0,0.0,8.0,4.0,2.0,0.0,1.0,0.0,593.0,0.0,0.0,0.0,35.0,0.0,6.0,0.0,0.0,0.0,21.0,379.0,0.0,0.0,38.0,1.0,136.0,0.0,2.0,0.0,470.0,0.0,2.0,0.0,16.0,1.0,0.0,0.0,1.0,0.0,590.0,1.0,0.0,0.0,7.0,0.0,1.0,0.0,0.0,2.0,71.0,17.0,1.0,0.0,387.0,0.0,166.0,0.0,3.0,1.0,548.0,0.0,0.0,0.0,24.0,1.0,4.0,0.0,3.0,0.0,41.0,111.0,0.0,0.0,159.0,0.0,301.0
6,119.46875,0.4257224706540219,219.0,0.8820895522388059,0.9334319526627219,0.7916666666666666,0.8514190317195326,0.4508620689655172,0.8073770491803278,0.91,0.9735915492957746,0.6898954703832753,0.5365853658536586,0.9456,0.9604261796042618,0.8561525129982669,0.8031496062992126,0.9095652173913044,0.8024439918533605,0.91,0.8586956521739131,0.6815834767641996,0.03577235772357724,591.0,0.0,7.0,1.0,5.0,9.0,8.0,1.0,2.0,1.0,0.0,631.0,7.0,3.0,2.0,3.0,0.0,2.0,8.0,1.0,14.0,14.0,494.0,18.0,17.0,2.0,7.0,1.0,10.0,0.0,2.0,2.0,45.0,510.0,5.0,22.0,1.0,5.0,43.0,0.0,4.0,3.0,6.0,0.0,523.0,2.0,11.0,1.0,17.0,8.0,24.0,3.0,2.0,14.0,8.0,394.0,8.0,0.0,37.0,1.0,6.0,2.0,11.0,1.0,15.0,14.0,546.0,0.0,5.0,0.0,7.0,9.0,37.0,2.0,22.0,1.0,1.0,553.0,10.0,2.0,10.0,9.0,11.0,45.0,51.0,40.0,13.0,0.0,396.0,6.0,12.0,3.0,4.0,5.0,512.0,1.0,5.0,5.0,46.0,22.0
7,135.25,0.7172191910751865,258.0,0.9067930489731437,0.9617737003058104,0.8056478405315615,0.3418181818181818,0.457089552238806,0.4339853300733496,0.7990353697749196,0.875,0.40226171243941844,0.5342465753424658,0.9184,0.9573820395738204,0.8405545927209706,0.14803149606299212,0.8521739130434782,0.7230142566191446,0.8283333333333334,0.8586956521739131,0.42857142857142855,0.06341463414634146,574.0,0.0,5.0,13.0,0.0,18.0,10.0,4.0,1.0,0.0,1.0,629.0,1.0,2.0,1.0,2.0,10.0,3.0,7.0,1.0,14.0,4.0,485.0,11.0,9.0,8.0,34.0,2.0,10.0,0.0,15.0,1.0,19.0,94.0,38.0,189.0,28.0,11.0,237.0,3.0,1.0,2.0,13.0,24.0,490.0,0.0,1.0,8.0,24.0,12.0,8.0,0.0,2.0,42.0,2.0,355.0,17.0,3.0,62.0,0.0,1.0,1.0,60.0,12.0,5.0,18.0,497.0,1.0,5.0,0.0,8.0,3.0,8.0,6.0,44.0,1.0,0.0,553.0,4.0,17.0,6.0,9.0,7.0,50.0,13.0,221.0,25.0,0.0,249.0,1.0,5.0,5.0,2.0,21.0,470.0,6.0,0.0,47.0,20.0,39.0
8,30.09375,1.5644967003328665,56.0,0.9577235772357724,0.954954954954955,0.25,0.0,0.0,0.9660493827160493,0.17777777777777778,0.14579008073817762,0.36363636363636365,0.0,0.9424,0.9680365296803652,0.0017331022530329288,0.0,0.0,0.6374745417515275,0.013333333333333334,0.9813664596273292,0.0068846815834767644,0.0,589.0,0.0,0.0,0.0,0.0,0.0,7.0,29.0,0.0,0.0,0.0,636.0,0.0,0.0,0.0,0.0,0.0,19.0,2.0,0.0,2.0,6.0,1.0,0.0,0.0,0.0,5.0,562.0,1.0,0.0,1.0,4.0,0.0,0.0,0.0,1.0,2.0,627.0,0.0,0.0,0.0,2.0,0.0,0.0,0.0,0.0,1.0,571.0,1.0,0.0,8.0,2.0,1.0,0.0,0.0,313.0,15.0,150.0,2.0,0.0,7.0,1.0,0.0,0.0,0.0,4.0,8.0,580.0,0.0,0.0,5.0,2.0,0.0,0.0,0.0,0.0,4.0,632.0,1.0,0.0,2.0,9.0,2.0,0.0,0.0,5.0,3.0,556.0,4.0,0.0,1.0,4.0,0.0,0.0,0.0,1.0,0.0,609.0,0.0,0.0
9,127.609375,0.22181806348020214,235.0,0.8858024691358025,0.9619482496194824,0.8532110091743119,0.772189349112426,0.8661710037174721,0.8,0.8660130718954249,0.8768545994065282,0.7883597883597884,0.8009554140127388,0.9184,0.9619482496194824,0.8058925476603119,0.8220472440944881,0.8104347826086956,0.7413441955193483,0.8833333333333333,0.9177018633540373,0.7693631669535284,0.8178861788617886,574.0,0.0,3.0,7.0,0.0,15.0,20.0,2.0,4.0,0.0,0.0,632.0,5.0,6.0,0.0,4.0,1.0,5.0,4.0,0.0,10.0,4.0,465.0,32.0,5.0,0.0,16.0,8.0,35.0,2.0,12.0,2.0,30.0,522.0,3.0,27.0,2.0,12.0,15.0,10.0,0.0,1.0,5.0,2.0,466.0,1.0,17.0,7.0,5.0,71.0,31.0,3.0,2.0,41.0,1.0,364.0,16.0,1.0,23.0,9.0,17.0,1.0,13.0,0.0,9.0,0.0,530.0,0.0,30.0,0.0,0.0,2.0,11.0,7.0,6.0,2.0,0.0,591.0,1.0,24.0,1.0,10.0,10.0,46.0,15.0,36.0,6.0,1.0,447.0,9.0,3.0,2.0,1.0,13.0,33.0,6.0,4.0,47.0,3.0,503.0
10,87.96875,0.20540190508449868,163.0,0.9323076923076923,0.9175257731958762,0.8647686832740213,0.8214826021180031,0.8986866791744841,0.8417582417582418,0.8781645569620253,0.9244992295839753,0.8397790055248618,0.8364779874213837,0.9696,0.9482496194824962,0.8422876949740035,0.8551181102362204,0.8330434782608696,0.780040733197556,0.925,0.9316770186335404,0.7848537005163512,0.865040650406504,606.0,0.0,4.0,1.0,0.0,5.0,8.0,0.0,0.0,1.0,0.0,623.0,10.0,3.0,2.0,2.0,0.0,6.0,11.0,0.0,9.0,20.0,486.0,31.0,4.0,1.0,9.0,4.0,10.0,3.0,1.0,3.0,21.0,543.0,1.0,18.0,3.0,13.0,18.0,14.0,0.0,1.0,8.0,2.0,479.0,1.0,20.0,6.0,3.0,55.0,11.0,2.0,7.0,33.0,9.0,383.0,15.0,1.0,22.0,8.0,11.0,1.0,11.0,0.0,7.0,5.0,555.0,1.0,9.0,0.0,1.0,2.0,4.0,11.0,8.0,1.0,2.0,600.0,2.0,13.0,6.0,24.0,9.0,23.0,1.0,34.0,15.0,3.0,456.0,10.0,5.0,3.0,2.0,14.0,22.0,5.0,5.0,15.0,12.0,532.0
11,108.0,0.6308172510406304,203.0,0.9410828025477707,0.9710806697108066,0.2,0.2746641963872163,0.8761061946902655,0.38095238095238093,0.9250871080139372,0.8816568047337278,0.26666666666666666,0.8541666666666666,0.9456,0.9710806697108066,0.01559792027729636,0.9338582677165355,0.8608695652173913,0.0814663951120163,0.885,0.9254658385093167,0.0068846815834767644,0.8,591.0,0.0,0.0,10.0,1.0,18.0,5.0,0.0,0.0,0.0,1.0,638.0,0.0,8.0,2.0,1.0,1.0,3.0,1.0,2.0,6.0,4.0,9.0,510.0,9.0,10.0,17.0,4.0,5.0,3.0,2.0,2.0,3.0,593.0,1.0,5.0,2.0,19.0,1.0,7.0,2.0,1.0,6.0,5.0,495.0,7.0,9.0,3.0,1.0,46.0,15.0,0.0,6.0,406.0,15.0,40.0,7.0,0.0,2.0,0.0,2.0,1.0,14.0,40.0,5.0,5.0,531.0,2.0,0.0,0.0,2.0,3.0,0.0,12.0,4.0,2.0,1.0,596.0,1.0,23.0,4.0,4.0,7.0,543.0,3.0,11.0,1.0,1.0,4.0,3.0,3.0,4.0,0.0,32.0,30.0,6.0,0.0,48.0,0.0,492.0
12,135.28125,0.6342184374003251,259.0,0.8670605612998523,0.8823529411764706,0.7283406754772394,0.7985611510791367,0.4810606060606061,0.6854166666666667,0.816358024691358,0.8707360861759426,0.5519125683060109,0.6060606060606061,0.9392,0.9360730593607306,0.8596187175043327,0.6992125984251969,0.8834782608695653,0.670061099796334,0.8816666666666667,0.7531055900621118,0.5215146299483648,0.0975609756097561,587.0,0.0,6.0,1.0,1.0,15.0,12.0,0.0,3.0,0.0,1.0,615.0,19.0,2.0,1.0,3.0,1.0,0.0,14.0,1.0,16.0,3.0,496.0,2.0,4.0,3.0,39.0,0.0,14.0,0.0,4.0,19.0,36.0,444.0,4.0,39.0,1.0,5.0,82.0,1.0,2.0,1.0,3.0,0.0,508.0,0.0,43.0,4.0,5.0,9.0,34.0,3.0,19.0,29.0,4.0,329.0,3.0,11.0,55.0,4.0,12.0,1.0,36.0,0.0,11.0,0.0,529.0,1.0,10.0,0.0,2.0,16.0,5.0,1.0,46.0,23.0,1.0,485.0,46.0,19.0,14.0,35.0,60.0,73.0,14.0,58.0,14.0,5.0,303.0,5.0,5.0,4.0,1.0,4.0,463.0,10.0,5.0,46.0,17.0,60.0
13,78.546875,0.3767620030588184,153.0,0.8814589665653495,0.9491017964071856,0.5,0.515625,0.8593220338983051,0.7634854771784232,0.8960817717206133,0.9205834683954619,0.8,0.8251633986928104,0.928,0.9649923896499238,0.8700173310225303,0.15590551181102363,0.8817391304347826,0.7494908350305499,0.8766666666666667,0.8819875776397516,0.8123924268502581,0.8211382113821138,580.0,0.0,3.0,10.0,6.0,18.0,6.0,1.0,1.0,0.0,0.0,634.0,10.0,3.0,1.0,0.0,1.0,1.0,5.0,2.0,7.0,9.0,502.0,19.0,3.0,4.0,22.0,2.0,8.0,1.0,17.0,1.0,424.0,99.0,1.0,22.0,3.0,17.0,43.0,8.0,2.0,1.0,3.0,0.0,507.0,1.0,16.0,1.0,5.0,39.0,30.0,2.0,21.0,20.0,6.0,368.0,9.0,3.0,30.0,2.0,13.0,1.0,20.0,4.0,12.0,20.0,526.0,0.0,4.0,0.0,1.0,7.0,4.0,6.0,7.0,1.0,1.0,568.0,1.0,48.0,5.0,10.0,13.0,24.0,7.0,39.0,3.0,1.0,472.0,7.0,3.0,3.0,4.0,7.0,40.0,9.0,0.0,23.0,21.0,505.0
14,109.03125,0.2412647195850602,201.0,0.9339622641509434,0.9591527987897126,0.8071895424836601,0.853448275862069,0.6503225806451612,0.7560521415270018,0.853030303030303,0.8867313915857605,0.89,0.7980997624703088,0.9504,0.9649923896499238,0.8561525129982669,0.7795275590551181,0.8765217391304347,0.8268839103869654,0.9383333333333334,0.8509316770186336,0.76592082616179,0.5463414634146342,594.0,0.0,5.0,0.0,5.0,1.0,13.0,1.0,5.0,1.0,0.0,634.0,11.0,5.0,1.0,3.0,0.0,0.0,2.0,1.0,10.0,8.0,494.0,18.0,11.0,4.0,20.0,4.0,6.0,2.0,0.0,6.0,28.0,495.0,2.0,57.0,1.0,12.0,12.0,22.0,4.0,3.0,7.0,0.0,504.0,1.0,18.0,5.0,4.0,29.0,6.0,0.0,11.0,31.0,1.0,406.0,18.0,0.0,14.0,4.0,9.0,0.0,12.0,0.0,5.0,6.0,563.0,0.0,5.0,0.0,4.0,3.0,19.0,9.0,41.0,1.0,0.0,548.0,2.0,17.0,6.0,4.0,24.0,7.0,6.0,51.0,23.0,6.0,445.0,9.0,3.0,3.0,1.0,15.0,199.0,7.0,4.0,42.0,5.0,336.0
15,105.203125,0.3700188013185379,199.0,0.898355754857997,0.9615975422427036,0.7779816513761468,0.84765625,0.7603174603174603,0.701067615658363,0.8605042016806723,0.8190743338008415,0.734375,0.7824497257769653,0.9616,0.9528158295281582,0.7348353552859619,0.6834645669291338,0.8330434782608696,0.8024439918533605,0.8533333333333334,0.906832298136646,0.7280550774526678,0.6959349593495935,601.0,0.0,5.0,0.0,1.0,2.0,9.0,2.0,5.0,0.0,0.0,626.0,4.0,8.0,3.0,2.0,0.0,4.0,10.0,0.0,33.0,2.0,424.0,33.0,8.0,8.0,9.0,24.0,27.0,9.0,0.0,6.0,66.0,434.0,3.0,42.0,5.0,21.0,52.0,6.0,2.0,1.0,3.0,0.0,479.0,0.0,11.0,6.0,13.0,60.0,7.0,1.0,3.0,16.0,6.0,394.0,28.0,1.0,26.0,9.0,14.0,1.0,0.0,2.0,10.0,34.0,512.0,19.0,2.0,6.0,2.0,6.0,14.0,0.0,5.0,0.0,8.0,584.0,2.0,23.0,6.0,5.0,26.0,12.0,18.0,72.0,8.0,5.0,423.0,6.0,4.0,3.0,0.0,7.0,97.0,8.0,5.0,47.0,16.0,428.0
16,136.40625,0.8758063202572138,260.0,0.29062811565304086,0.9633587786259542,0.4611764705882353,0.32142857142857145,0.8356890459363958,0.13636363636363635,0.8864970645792564,0.8512160228898427,0.6764705882352942,0.8016806722689076,0.9328,0.9604261796042618,0.6793760831889082,0.014173228346456693,0.8226086956521739,0.006109979633401222,0.755,0.9239130434782609,0.07917383820998279,0.775609756097561,583.0,0.0,36.0,0.0,0.0,1.0,3.0,1.0,0.0,1.0,5.0,631.0,3.0,2.0,4.0,0.0,0.0,3.0,7.0,2.0,111.0,2.0,392.0,3.0,11.0,3.0,41.0,3.0,4.0,7.0,530.0,1.0,52.0,9.0,1.0,3.0,1.0,32.0,1.0,5.0,0.0,1.0,28.0,0.0,473.0,0.0,10.0,2.0,0.0,61.0,376.0,0.0,87.0,1.0,8.0,3.0,3.0,4.0,8.0,1.0,5.0,0.0,133.0,0.0,7.0,0.0,453.0,0.0,1.0,1.0,1.0,5.0,4.0,3.0,4.0,0.0,0.0,595.0,1.0,31.0,375.0,11.0,106.0,5.0,13.0,11.0,0.0,5.0,46.0,9.0,20.0,4.0,9.0,5.0,45.0,1.0,0.0,54.0,0.0,477.0
17,110.453125,0.3478355724936013,213.0,0.9523809523809523,0.9512937595129376,0.7867494824016563,0.7945205479452054,0.8882466281310212,0.8255813953488372,0.8395061728395061,0.8615384615384616,0.5881561238223418,0.8062913907284768,0.928,0.9512937595129376,0.658578856152513,0.8220472440944881,0.8017391304347826,0.7230142566191446,0.9066666666666666,0.8695652173913043,0.7521514629948365,0.791869918699187,580.0,0.0,2.0,8.0,2.0,11.0,10.0,2.0,10.0,0.0,1.0,625.0,1.0,7.0,2.0,1.0,1.0,1.0,17.0,1.0,2.0,5.0,380.0,15.0,5.0,3.0,12.0,6.0,145.0,4.0,0.0,2.0,25.0,522.0,1.0,31.0,2.0,13.0,31.0,8.0,1.0,5.0,0.0,0.0,461.0,3.0,15.0,9.0,10.0,71.0,7.0,1.0,3.0,64.0,3.0,355.0,25.0,3.0,25.0,5.0,4.0,1.0,1.0,0.0,4.0,5.0,544.0,0.0,39.0,2.0,7.0,6.0,10.0,5.0,12.0,0.0,5.0,560.0,15.0,24.0,4.0,7.0,60.0,14.0,2.0,14.0,31.0,10.0,437.0,2.0,3.0,5.0,1.0,22.0,27.0,7.0,3.0,46.0,14.0,487.0
18,140.671875,0.2945338642300406,266.0,0.9454253611556982,0.9544072948328267,0.8906810035842294,0.8886679920477137,0.8893129770992366,0.8177874186550976,0.9113712374581939,0.8330914368650217,0.648171500630517,0.7790893760539629,0.9424,0.9558599695585996,0.8613518197573656,0.7039370078740157,0.8104347826086956,0.7678207739307535,0.9083333333333333,0.8913043478260869,0.8846815834767642,0.751219512195122,589.0,0.0,1.0,0.0,1.0,5.0,7.0,5.0,14.0,3.0,2.0,628.0,4.0,7.0,0.0,6.0,0.0,0.0,7.0,3.0,8.0,0.0,497.0,10.0,2.0,1.0,13.0,4.0,38.0,4.0,2.0,5.0,18.0,447.0,1.0,44.0,1.0,19.0,94.0,4.0,2.0,2.0,5.0,0.0,466.0,0.0,10.0,3.0,21.0,66.0,10.0,3.0,3.0,21.0,2.0,377.0,9.0,2.0,56.0,8.0,3.0,1.0,23.0,0.0,2.0,10.0,545.0,0.0,15.0,1.0,1.0,3.0,4.0,2.0,12.0,1.0,0.0,574.0,11.0,36.0,3.0,10.0,3.0,8.0,10.0,13.0,11.0,3.0,514.0,6.0,3.0,6.0,0.0,8.0,28.0,4.0,2.0,79.0,23.0,462.0
19,122.015625,0.20239363292556314,227.0,0.9488448844884488,0.963963963963964,0.8663282571912013,0.8155802861685215,0.8311475409836065,0.7570621468926554,0.905940594059406,0.9024024024024024,0.8258426966292135,0.8627450980392157,0.92,0.9771689497716894,0.8873483535528596,0.8078740157480315,0.8817391304347826,0.8187372708757638,0.915,0.9332298136645962,0.7590361445783133,0.7869918699186992,575.0,0.0,9.0,4.0,4.0,14.0,13.0,2.0,1.0,3.0,1.0,642.0,6.0,2.0,0.0,1.0,0.0,3.0,1.0,1.0,4.0,6.0,512.0,15.0,3.0,9.0,13.0,5.0,5.0,5.0,4.0,3.0,26.0,513.0,2.0,27.0,1.0,13.0,38.0,8.0,2.0,1.0,8.0,0.0,507.0,1.0,12.0,8.0,3.0,33.0,12.0,0.0,5.0,24.0,7.0,402.0,7.0,2.0,27.0,5.0,1.0,2.0,10.0,1.0,8.0,24.0,549.0,0.0,5.0,0.0,1.0,3.0,8.0,8.0,8.0,0.0,0.0,601.0,1.0,14.0,3.0,7.0,7.0,40.0,12.0,52.0,10.0,1.0,441.0,8.0,3.0,2.0,0.0,22.0,59.0,1.0,1.0,31.0,12.0,484.0
20,107.125,0.26309981142270084,202.0,0.9273021001615509,0.9041297935103245,0.7682020802377415,0.789712556732224,0.8403361344537815,0.82560706401766,0.9350180505415162,0.8962264150943396,0.8109161793372319,0.843042071197411,0.9184,0.9330289193302892,0.8960138648180243,0.8220472440944881,0.8695652173913043,0.7617107942973523,0.8633333333333333,0.8850931677018633,0.7160068846815835,0.8471544715447155,574.0,0.0,16.0,0.0,1.0,14.0,5.0,1.0,13.0,1.0,1.0,613.0,16.0,4.0,4.0,0.0,0.0,6.0,12.0,1.0,8.0,2.0,517.0,17.0,8.0,3.0,8.0,3.0,9.0,2.0,0.0,4.0,32.0,522.0,1.0,20.0,0.0,27.0,23.0,6.0,1.0,7.0,3.0,0.0,500.0,4.0,17.0,1.0,0.0,42.0,9.0,1.0,12.0,51.0,11.0,374.0,3.0,2.0,24.0,4.0,11.0,1.0,38.0,0.0,16.0,12.0,518.0,0.0,4.0,0.0,0.0,1.0,12.0,7.0,7.0,2.0,0.0,570.0,6.0,39.0,7.0,45.0,25.0,42.0,18.0,20.0,1.0,5.0,416.0,2.0,8.0,4.0,2.0,18.0,29.0,4.0,2.0,21.0,6.0,521.0
21,88.328125,0.10563223271487975,166.0,0.9492868462757528,0.9768875192604006,0.9094202898550725,0.8541666666666666,0.9133574007220217,0.8571428571428571,0.8838304552590267,0.9476190476190476,0.8245901639344262,0.8571428571428571,0.9584,0.9649923896499238,0.8700173310225303,0.8393700787401575,0.88,0.8309572301425662,0.9383333333333334,0.9270186335403726,0.8657487091222031,0.8878048780487805,599.0,0.0,3.0,3.0,2.0,4.0,9.0,0.0,5.0,0.0,0.0,634.0,3.0,5.0,3.0,0.0,0.0,4.0,6.0,2.0,4.0,1.0,502.0,21.0,5.0,5.0,17.0,7.0,14.0,1.0,2.0,3.0,22.0,533.0,3.0,29.0,2.0,9.0,20.0,12.0,1.0,0.0,3.0,2.0,506.0,4.0,13.0,0.0,2.0,44.0,3.0,0.0,1.0,24.0,0.0,408.0,15.0,1.0,33.0,6.0,4.0,1.0,3.0,2.0,9.0,7.0,563.0,0.0,11.0,0.0,4.0,3.0,7.0,9.0,5.0,1.0,2.0,597.0,5.0,11.0,8.0,4.0,7.0,11.0,4.0,15.0,13.0,1.0,503.0,15.0,6.0,3.0,1.0,14.0,17.0,3.0,3.0,11.0,11.0,546.0
22,113.859375,0.603193983437345,217.0,0.8416801292407108,0.9430379746835443,0.7286585365853658,0.6811145510835913,0.7601351351351351,0.6056910569105691,0.763013698630137,0.8986710963455149,0.6041275797373359,0.7871485943775101,0.8336,0.9071537290715372,0.82842287694974,0.6929133858267716,0.782608695652174,0.6069246435845214,0.9283333333333333,0.8400621118012422,0.5542168674698795,0.6373983739837399,521.0,0.0,2.0,45.0,0.0,48.0,4.0,0.0,4.0,1.0,0.0,596.0,29.0,10.0,4.0,2.0,3.0,5.0,7.0,1.0,8.0,16.0,478.0,41.0,4.0,3.0,21.0,0.0,6.0,0.0,40.0,2.0,83.0,440.0,2.0,25.0,2.0,22.0,15.0,4.0,0.0,7.0,7.0,0.0,450.0,1.0,16.0,0.0,43.0,51.0,37.0,0.0,15.0,37.0,4.0,298.0,37.0,0.0,62.0,1.0,0.0,0.0,18.0,0.0,3.0,5.0,557.0,0.0,17.0,0.0,0.0,5.0,4.0,30.0,11.0,4.0,0.0,541.0,4.0,45.0,10.0,5.0,20.0,31.0,12.0,89.0,87.0,2.0,322.0,3.0,3.0,1.0,0.0,12.0,102.0,17.0,3.0,32.0,53.0,392.0
23,131.1875,0.10411128945291434,248.0,0.9517684887459807,0.9435364041604755,0.887719298245614,0.8716744913928013,0.9161904761904762,0.8227848101265823,0.8907014681892332,0.9237804878048781,0.8368794326241135,0.7981927710843374,0.9472,0.9665144596651446,0.8769497400346621,0.8771653543307086,0.8365217391304348,0.7942973523421588,0.91,0.9409937888198758,0.8123924268502581,0.8617886178861789,592.0,0.0,3.0,0.0,0.0,6.0,10.0,3.0,7.0,4.0,0.0,635.0,6.0,4.0,3.0,1.0,0.0,3.0,3.0,2.0,5.0,14.0,506.0,15.0,6.0,6.0,9.0,2.0,12.0,2.0,1.0,2.0,16.0,557.0,0.0,22.0,3.0,7.0,15.0,12.0,2.0,3.0,8.0,0.0,481.0,3.0,9.0,8.0,4.0,57.0,6.0,3.0,4.0,30.0,5.0,390.0,19.0,1.0,22.0,11.0,4.0,1.0,6.0,2.0,11.0,17.0,546.0,0.0,12.0,1.0,1.0,2.0,5.0,6.0,1.0,0.0,1.0,606.0,3.0,19.0,5.0,9.0,14.0,13.0,3.0,24.0,12.0,3.0,472.0,26.0,6.0,4.0,2.0,12.0,15.0,5.0,4.0,23.0,14.0,530.0
24,102.484375,0.09207711952484891,190.0,0.8744525547445255,0.9693721286370597,0.8855633802816901,0.8420221169036335,0.9222423146473779,0.7905660377358491,0.934010152284264,0.9387755102040817,0.8593155893536122,0.8605769230769231,0.9584,0.9634703196347032,0.8717504332755632,0.8393700787401575,0.8869565217391304,0.8533604887983707,0.92,0.9285714285714286,0.7779690189328744,0.8731707317073171,599.0,0.0,4.0,3.0,2.0,1.0,8.0,0.0,7.0,1.0,0.0,633.0,3.0,8.0,3.0,0.0,2.0,3.0,4.0,1.0,10.0,8.0,503.0,23.0,5.0,3.0,7.0,3.0,12.0,3.0,6.0,2.0,20.0,533.0,0.0,36.0,1.0,10.0,16.0,11.0,4.0,2.0,5.0,2.0,510.0,1.0,7.0,3.0,1.0,40.0,16.0,2.0,1.0,22.0,2.0,419.0,6.0,1.0,17.0,5.0,6.0,1.0,11.0,1.0,3.0,16.0,552.0,0.0,10.0,0.0,6.0,0.0,7.0,3.0,7.0,2.0,1.0,598.0,4.0,16.0,12.0,4.0,14.0,29.0,4.0,45.0,7.0,4.0,452.0,10.0,26.0,1.0,0.0,9.0,17.0,7.0,0.0,15.0,3.0,537.0
25,127.53125,0.4202070421712273,242.0,0.9363784665579119,0.9226190476190477,0.7720588235294118,0.6701570680628273,0.8895131086142322,0.6923076923076923,0.8841761827079935,0.8476621417797888,0.7858627858627859,0.8305369127516778,0.9184,0.943683409436834,0.7279029462738301,0.8062992125984252,0.8260869565217391,0.7331975560081466,0.9033333333333333,0.8726708074534162,0.6506024096385542,0.8048780487804879,574.0,0.0,3.0,2.0,1.0,32.0,9.0,1.0,3.0,0.0,0.0,620.0,2.0,18.0,1.0,7.0,0.0,3.0,6.0,0.0,3.0,2.0,420.0,69.0,1.0,19.0,22.0,0.0,40.0,1.0,3.0,6.0,42.0,512.0,1.0,30.0,0.0,25.0,14.0,2.0,0.0,1.0,1.0,0.0,475.0,12.0,17.0,2.0,7.0,60.0,16.0,0.0,5.0,78.0,2.0,360.0,10.0,6.0,11.0,3.0,6.0,4.0,21.0,0.0,8.0,18.0,542.0,0.0,1.0,0.0,4.0,4.0,1.0,19.0,2.0,9.0,0.0,562.0,12.0,31.0,4.0,32.0,48.0,56.0,6.0,23.0,10.0,20.0,378.0,4.0,3.0,3.0,1.0,10.0,37.0,10.0,3.0,44.0,9.0,495.0
26,80.484375,0.40241409280983087,150.0,0.9452495974235104,0.9769938650306749,0.18867924528301888,0.8238993710691824,0.8694852941176471,0.7276507276507277,0.4785276073619632,0.9162929745889388,0.7346278317152104,0.8564102564102564,0.9392,0.969558599695586,0.01733102253032929,0.8251968503937008,0.8226086956521739,0.7128309572301426,0.91,0.9518633540372671,0.7814113597246127,0.8146341463414634,587.0,0.0,0.0,1.0,0.0,15.0,13.0,2.0,7.0,0.0,0.0,637.0,2.0,7.0,1.0,2.0,1.0,3.0,3.0,1.0,6.0,4.0,10.0,14.0,1.0,2.0,495.0,11.0,32.0,2.0,2.0,0.0,14.0,524.0,2.0,30.0,29.0,11.0,14.0,9.0,4.0,0.0,2.0,0.0,473.0,4.0,7.0,3.0,28.0,54.0,7.0,2.0,1.0,71.0,6.0,350.0,12.0,1.0,37.0,4.0,6.0,1.0,5.0,1.0,1.0,4.0,546.0,1.0,34.0,1.0,0.0,2.0,6.0,2.0,4.0,1.0,6.0,613.0,1.0,9.0,6.0,4.0,6.0,10.0,13.0,54.0,29.0,1.0,454.0,4.0,3.0,2.0,7.0,6.0,43.0,19.0,3.0,23.0,8.0,501.0
27,65.78125,0.10338858620194963,123.0,0.9344773790951638,0.9591527987897126,0.8784722222222222,0.8777589134125636,0.8879598662207357,0.7743785850860421,0.9451114922813036,0.9297971918876755,0.812807881773399,0.8911917098445595,0.9584,0.9649923896499238,0.8769497400346621,0.8141732283464567,0.9234782608695652,0.824847250509165,0.9183333333333333,0.9254658385093167,0.8519793459552496,0.8390243902439024,599.0,0.0,7.0,0.0,0.0,3.0,6.0,1.0,8.0,1.0,0.0,634.0,2.0,7.0,1.0,0.0,0.0,6.0,6.0,1.0,9.0,6.0,506.0,18.0,5.0,0.0,9.0,8.0,15.0,1.0,2.0,4.0,20.0,517.0,2.0,56.0,1.0,9.0,16.0,8.0,6.0,2.0,3.0,1.0,531.0,4.0,2.0,4.0,3.0,19.0,10.0,0.0,6.0,19.0,6.0,405.0,12.0,2.0,21.0,10.0,3.0,4.0,10.0,0.0,3.0,6.0,551.0,1.0,22.0,0.0,0.0,4.0,10.0,2.0,6.0,0.0,0.0,596.0,9.0,17.0,6.0,4.0,11.0,8.0,5.0,41.0,2.0,3.0,495.0,6.0,6.0,3.0,1.0,17.0,39.0,8.0,0.0,11.0,14.0,516.0
28,72.65625,0.970311713608418,137.0,0.3228169014084507,0.9627906976744186,0.3333333333333333,0.399702823179792,0.7873754152823921,0.3244047619047619,0.0,0.8908227848101266,0.5611111111111111,0.7855973813420621,0.9168,0.9452054794520548,0.0034662045060658577,0.42362204724409447,0.8243478260869566,0.2219959266802444,0.0,0.8742236024844721,0.6953528399311532,0.7804878048780488,573.0,0.0,2.0,43.0,0.0,4.0,0.0,2.0,1.0,0.0,12.0,621.0,0.0,6.0,3.0,0.0,0.0,3.0,8.0,4.0,424.0,6.0,2.0,106.0,3.0,19.0,0.0,5.0,9.0,3.0,147.0,2.0,1.0,269.0,15.0,110.0,0.0,13.0,67.0,11.0,9.0,0.0,0.0,10.0,474.0,9.0,0.0,2.0,18.0,53.0,61.0,0.0,0.0,102.0,16.0,109.0,0.0,0.0,201.0,2.0,530.0,1.0,1.0,48.0,1.0,13.0,0.0,1.0,3.0,2.0,5.0,0.0,0.0,14.0,7.0,0.0,0.0,563.0,2.0,53.0,9.0,13.0,0.0,59.0,25.0,68.0,0.0,0.0,404.0,3.0,5.0,2.0,0.0,16.0,58.0,4.0,0.0,43.0,7.0,480.0
29,119.234375,0.7082744463112823,227.0,0.7438136826783115,0.959214501510574,0.38823529411764707,0.4797843665768194,0.8646748681898067,0.5747663551401869,0.5526579739217653,0.9132569558101473,0.6271450858034321,0.8096885813148789,0.8176,0.9665144596651446,0.05719237435008666,0.5606299212598426,0.8556521739130435,0.5010183299389002,0.9183333333333333,0.8664596273291926,0.6919104991394148,0.7609756097560976,511.0,0.0,1.0,69.0,0.0,28.0,4.0,0.0,10.0,2.0,0.0,635.0,0.0,7.0,3.0,4.0,3.0,0.0,4.0,1.0,12.0,6.0,33.0,135.0,15.0,14.0,340.0,1.0,19.0,2.0,106.0,1.0,9.0,356.0,1.0,51.0,35.0,7.0,62.0,7.0,0.0,2.0,12.0,1.0,492.0,0.0,14.0,4.0,0.0,50.0,41.0,1.0,8.0,98.0,2.0,246.0,28.0,8.0,57.0,2.0,3.0,1.0,14.0,22.0,5.0,1.0,551.0,0.0,3.0,0.0,0.0,2.0,1.0,6.0,10.0,28.0,2.0,558.0,17.0,20.0,10.0,11.0,6.0,44.0,12.0,49.0,18.0,3.0,402.0,26.0,4.0,3.0,1.0,4.0,29.0,7.0,2.0,30.0,67.0,468.0
30,46.5625,0.0598608872443991,88.0,0.9559748427672956,0.9532428355957768,0.8862478777589134,0.8906752411575563,0.9120689655172414,0.8808080808080808,0.9572649572649573,0.9629629629629629,0.8733333333333333,0.8899835796387521,0.9728,0.9619482496194824,0.9046793760831889,0.8724409448818897,0.92,0.8879837067209776,0.9333333333333333,0.9285714285714286,0.9018932874354562,0.8813008130081301,608.0,0.0,2.0,1.0,0.0,5.0,3.0,0.0,4.0,2.0,0.0,632.0,2.0,6.0,1.0,10.0,1.0,1.0,3.0,1.0,3.0,7.0,522.0,13.0,9.0,2.0,4.0,2.0,12.0,3.0,0.0,6.0,16.0,554.0,1.0,19.0,1.0,7.0,16.0,15.0,4.0,1.0,5.0,1.0,529.0,1.0,3.0,3.0,7.0,21.0,6.0,5.0,3.0,13.0,2.0,436.0,10.0,1.0,8.0,7.0,6.0,0.0,12.0,1.0,4.0,6.0,560.0,0.0,11.0,0.0,0.0,3.0,12.0,6.0,3.0,3.0,0.0,598.0,4.0,15.0,2.0,5.0,12.0,12.0,10.0,10.0,3.0,0.0,524.0,3.0,7.0,4.0,3.0,15.0,21.0,3.0,0.0,9.0,11.0,542.0
31,56.671875,0.45776996122261054,102.0,0.945141065830721,0.9596412556053812,0.7764530551415797,0.3387516254876463,0.8639455782312925,0.2926829268292683,0.9318181818181818,0.8962406015037594,0.4745762711864407,0.8604651162790697,0.9648,0.9771689497716894,0.902946273830156,0.8204724409448819,0.8834782608695653,0.024439918533604887,0.8883333333333333,0.9254658385093167,0.04819277108433735,0.7821138211382114,603.0,0.0,1.0,9.0,0.0,6.0,4.0,0.0,1.0,1.0,0.0,642.0,4.0,5.0,1.0,0.0,1.0,3.0,0.0,1.0,7.0,3.0,521.0,26.0,7.0,2.0,6.0,4.0,1.0,0.0,2.0,1.0,74.0,521.0,4.0,1.0,2.0,16.0,8.0,6.0,4.0,2.0,7.0,3.0,508.0,2.0,8.0,0.0,5.0,36.0,7.0,0.0,5.0,435.0,12.0,12.0,13.0,1.0,4.0,2.0,6.0,2.0,22.0,19.0,3.0,9.0,533.0,1.0,5.0,0.0,0.0,3.0,10.0,6.0,2.0,1.0,1.0,596.0,1.0,24.0,4.0,14.0,25.0,485.0,6.0,6.0,3.0,2.0,28.0,8.0,5.0,2.0,2.0,29.0,45.0,2.0,1.0,42.0,6.0,481.0
32,97.78125,0.21970908618560617,187.0,0.8643578643578643,0.9451851851851852,0.8454706927175843,0.8143525741029641,0.8419354838709677,0.8443496801705757,0.891156462585034,0.9318181818181818,0.6978021978021978,0.8624787775891342,0.9584,0.9710806697108066,0.8249566724436742,0.8220472440944881,0.9078260869565218,0.8065173116089613,0.8733333333333333,0.8913043478260869,0.6557659208261618,0.8260162601626017,599.0,0.0,2.0,0.0,2.0,5.0,5.0,2.0,9.0,1.0,0.0,638.0,2.0,4.0,5.0,0.0,0.0,2.0,5.0,1.0,7.0,12.0,476.0,17.0,6.0,1.0,23.0,5.0,30.0,0.0,1.0,2.0,26.0,522.0,4.0,15.0,0.0,10.0,47.0,8.0,1.0,0.0,3.0,0.0,522.0,2.0,12.0,2.0,3.0,30.0,17.0,1.0,1.0,25.0,4.0,396.0,10.0,1.0,34.0,2.0,11.0,1.0,19.0,0.0,11.0,21.0,524.0,0.0,13.0,0.0,0.0,2.0,12.0,7.0,8.0,0.0,1.0,574.0,9.0,31.0,47.0,14.0,22.0,55.0,13.0,24.0,12.0,5.0,381.0,8.0,10.0,5.0,0.0,11.0,45.0,5.0,1.0,15.0,15.0,508.0
33,168.234375,0.3068001564295481,322.0,0.9432387312186978,0.9678407350689127,0.8404802744425386,0.8444444444444444,0.8718861209964412,0.6713780918727915,0.8469860896445132,0.8511560693641619,0.7380952380952381,0.8403508771929824,0.904,0.9619482496194824,0.8492201039861352,0.7181102362204724,0.8521739130434782,0.7739307535641547,0.9133333333333333,0.9145962732919255,0.7469879518072289,0.7788617886178861,565.0,0.0,5.0,4.0,2.0,41.0,5.0,1.0,2.0,0.0,0.0,632.0,7.0,1.0,0.0,2.0,0.0,5.0,8.0,2.0,12.0,6.0,490.0,14.0,7.0,4.0,22.0,5.0,17.0,0.0,1.0,0.0,41.0,456.0,0.0,55.0,3.0,20.0,54.0,5.0,0.0,0.0,7.0,0.0,490.0,5.0,14.0,11.0,3.0,45.0,6.0,1.0,2.0,15.0,3.0,380.0,31.0,5.0,44.0,4.0,8.0,1.0,13.0,0.0,9.0,11.0,548.0,0.0,10.0,0.0,3.0,2.0,10.0,8.0,8.0,3.0,0.0,589.0,4.0,17.0,1.0,9.0,6.0,32.0,3.0,55.0,20.0,3.0,434.0,18.0,3.0,2.0,2.0,10.0,40.0,10.0,4.0,53.0,12.0,479.0
34,113.5625,0.1921733673161125,213.0,0.9654605263157895,0.9712556732223904,0.8146341463414634,0.8254716981132075,0.88,0.7929515418502202,0.9120135363790186,0.9203675344563553,0.7657807308970099,0.8333333333333334,0.9392,0.9771689497716894,0.8682842287694974,0.8267716535433071,0.8417391304347827,0.7331975560081466,0.8983333333333333,0.9332298136645962,0.7934595524956971,0.8536585365853658,587.0,0.0,10.0,1.0,1.0,5.0,9.0,0.0,8.0,4.0,0.0,642.0,4.0,2.0,1.0,1.0,0.0,2.0,3.0,2.0,6.0,3.0,501.0,20.0,4.0,7.0,7.0,9.0,19.0,1.0,1.0,2.0,47.0,525.0,1.0,21.0,0.0,15.0,8.0,15.0,0.0,1.0,12.0,0.0,484.0,4.0,13.0,4.0,6.0,51.0,3.0,2.0,1.0,44.0,7.0,360.0,9.0,1.0,58.0,6.0,3.0,0.0,18.0,0.0,3.0,9.0,539.0,0.0,28.0,0.0,1.0,2.0,5.0,6.0,7.0,1.0,0.0,601.0,3.0,18.0,2.0,6.0,17.0,29.0,4.0,38.0,11.0,5.0,461.0,8.0,5.0,3.0,0.0,9.0,38.0,8.0,3.0,16.0,8.0,525.0
35,79.109375,1.659289614272998,142.0,0.9252336448598131,0.9430284857571214,0.32142857142857145,0.0,0.0,0.0,0.0,0.136903476570935,0.41379310344827586,0.0,0.9504,0.9573820395738204,0.01559792027729636,0.0,0.0,0.0,0.0,0.984472049689441,0.020654044750430294,0.0,594.0,0.0,7.0,0.0,0.0,0.0,0.0,24.0,0.0,0.0,0.0,629.0,0.0,0.0,0.0,0.0,0.0,20.0,8.0,0.0,19.0,7.0,9.0,1.0,0.0,0.0,0.0,537.0,4.0,0.0,3.0,1.0,1.0,0.0,0.0,0.0,0.0,628.0,2.0,0.0,1.0,2.0,2.0,0.0,0.0,0.0,1.0,569.0,0.0,0.0,7.0,1.0,2.0,0.0,0.0,0.0,0.0,481.0,0.0,0.0,8.0,1.0,3.0,0.0,0.0,0.0,0.0,588.0,0.0,0.0,4.0,4.0,1.0,0.0,0.0,0.0,0.0,634.0,1.0,0.0,4.0,18.0,3.0,0.0,1.0,0.0,0.0,543.0,12.0,0.0,2.0,4.0,0.0,0.0,0.0,0.0,0.0,607.0,2.0,0.0
36,66.953125,0.8183598943047392,125.0,0.3333333333333333,0.973724884080371,0.8045375218150087,0.7275641025641025,0.38461538461538464,0.40672782874617736,0.8153153153153153,0.942457231726283,0.43324607329842935,0.3127208480565371,0.0032,0.958904109589041,0.7989601386481803,0.7149606299212599,0.034782608695652174,0.2708757637474542,0.905,0.9409937888198758,0.5697074010327022,0.8634146341463415,2.0,0.0,1.0,0.0,4.0,1.0,14.0,1.0,52.0,550.0,0.0,630.0,9.0,0.0,0.0,2.0,0.0,5.0,10.0,1.0,0.0,1.0,461.0,12.0,3.0,1.0,59.0,5.0,29.0,6.0,0.0,2.0,30.0,454.0,1.0,73.0,0.0,8.0,64.0,3.0,1.0,1.0,2.0,0.0,20.0,0.0,24.0,1.0,17.0,509.0,1.0,1.0,12.0,108.0,1.0,133.0,2.0,4.0,188.0,41.0,0.0,1.0,21.0,0.0,13.0,0.0,543.0,0.0,11.0,11.0,0.0,3.0,8.0,1.0,1.0,2.0,3.0,606.0,8.0,12.0,2.0,3.0,29.0,46.0,7.0,111.0,17.0,1.0,331.0,34.0,0.0,5.0,0.0,3.0,2.0,4.0,4.0,12.0,54.0,531.0
37,84.53125,1.6826177888923641,156.0,0.9477124183006536,0.9434523809523809,0.14285714285714285,0.0,0.0,0.0,0.0,0.1346441547339175,0.0,0.0,0.928,0.9649923896499238,0.008665511265164644,0.0,0.0,0.0,0.0,0.9782608695652174,0.0,0.0,580.0,0.0,6.0,0.0,0.0,0.0,0.0,39.0,0.0,0.0,0.0,634.0,3.0,0.0,0.0,0.0,0.0,20.0,0.0,0.0,12.0,16.0,5.0,0.0,0.0,0.0,0.0,543.0,1.0,0.0,3.0,1.0,3.0,0.0,0.0,0.0,0.0,628.0,0.0,0.0,0.0,3.0,1.0,1.0,0.0,0.0,0.0,570.0,0.0,0.0,6.0,1.0,4.0,0.0,0.0,0.0,0.0,480.0,0.0,0.0,4.0,1.0,1.0,0.0,0.0,0.0,0.0,594.0,0.0,0.0,3.0,6.0,5.0,0.0,0.0,0.0,0.0,630.0,0.0,0.0,2.0,7.0,4.0,0.0,0.0,0.0,0.0,568.0,0.0,0.0,2.0,3.0,3.0,0.0,0.0,0.0,0.0,607.0,0.0,0.0
38,96.390625,0.19231930642798495,187.0,0.9486356340288925,0.9603658536585366,0.8584392014519057,0.841845140032949,0.9050179211469535,0.791828793774319,0.8525345622119815,0.9065849923430321,0.8088235294117647,0.833592534992224,0.9456,0.958904109589041,0.8197573656845754,0.8047244094488188,0.8782608695652174,0.8289205702647657,0.925,0.9192546583850931,0.7573149741824441,0.8715447154471545,591.0,0.0,5.0,3.0,2.0,2.0,14.0,1.0,2.0,5.0,0.0,630.0,7.0,4.0,0.0,3.0,3.0,3.0,5.0,2.0,9.0,5.0,473.0,21.0,5.0,1.0,19.0,12.0,32.0,0.0,1.0,2.0,29.0,511.0,1.0,26.0,1.0,20.0,38.0,6.0,0.0,2.0,2.0,0.0,505.0,2.0,12.0,3.0,3.0,46.0,8.0,0.0,3.0,29.0,3.0,407.0,26.0,0.0,8.0,7.0,6.0,1.0,14.0,0.0,11.0,8.0,555.0,1.0,4.0,0.0,1.0,4.0,6.0,4.0,6.0,0.0,0.0,592.0,0.0,31.0,4.0,9.0,9.0,23.0,6.0,59.0,17.0,4.0,440.0,10.0,3.0,3.0,3.0,12.0,19.0,6.0,4.0,17.0,12.0,536.0
39,82.671875,0.2904523655635388,158.0,0.9380952380952381,0.8527777777777777,0.836996336996337,0.8804347826086957,0.7558479532163743,0.7786407766990291,0.8536209553158706,0.8785942492012779,0.7629757785467128,0.818,0.9456,0.9345509893455098,0.7920277296360485,0.7653543307086614,0.8991304347826087,0.8167006109979633,0.9233333333333333,0.8540372670807453,0.7590361445783133,0.6650406504065041,591.0,0.0,4.0,1.0,4.0,6.0,10.0,2.0,6.0,1.0,0.0,614.0,7.0,5.0,2.0,3.0,4.0,0.0,20.0,2.0,10.0,7.0,457.0,5.0,15.0,4.0,41.0,1.0,33.0,4.0,2.0,8.0,23.0,486.0,3.0,55.0,0.0,13.0,34.0,11.0,1.0,5.0,6.0,0.0,517.0,1.0,16.0,1.0,1.0,27.0,13.0,5.0,8.0,18.0,6.0,401.0,13.0,1.0,24.0,2.0,6.0,6.0,17.0,0.0,8.0,5.0,554.0,0.0,3.0,1.0,2.0,4.0,11.0,5.0,18.0,2.0,0.0,550.0,11.0,41.0,3.0,63.0,12.0,10.0,6.0,30.0,10.0,4.0,441.0,2.0,2.0,8.0,1.0,22.0,105.0,8.0,1.0,54.0,5.0,409.0
40,67.25,1.4421558402302446,127.0,0.15384615384615385,0.9492537313432836,0.4974704890387858,0.3451202263083451,0.3548387096774194,0.28039430449069,0.0,0.25,0.7380952380952381,0.19401993355481728,0.0064,0.9680365296803652,0.511265164644714,0.384251968503937,0.019130434782608695,0.5213849287169042,0.0,0.003105590062111801,0.05335628227194492,0.9495934959349593,4.0,0.0,0.0,2.0,0.0,44.0,0.0,0.0,0.0,575.0,0.0,636.0,2.0,2.0,7.0,7.0,0.0,0.0,1.0,2.0,1.0,5.0,295.0,140.0,4.0,86.0,0.0,1.0,3.0,42.0,1.0,0.0,261.0,244.0,0.0,105.0,0.0,1.0,0.0,23.0,0.0,1.0,0.0,1.0,11.0,14.0,0.0,2.0,1.0,545.0,8.0,1.0,19.0,133.0,0.0,256.0,0.0,1.0,2.0,71.0,2.0,1.0,0.0,4.0,0.0,52.0,0.0,0.0,2.0,539.0,4.0,3.0,1.0,3.0,3.0,53.0,0.0,2.0,2.0,573.0,5.0,20.0,15.0,174.0,1.0,279.0,0.0,0.0,31.0,56.0,1.0,3.0,0.0,4.0,5.0,17.0,0.0,1.0,0.0,584.0
41,106.03125,0.16637144394258982,205.0,0.9445324881141046,0.9690402476780186,0.8499156829679595,0.8536977491961415,0.9131238447319778,0.8181818181818182,0.888,0.8368200836820083,0.8021390374331551,0.8392554991539763,0.9536,0.9528158295281582,0.8734835355285961,0.8362204724409449,0.8591304347826086,0.7881873727087576,0.925,0.9316770186335404,0.774526678141136,0.8065040650406504,596.0,0.0,2.0,1.0,1.0,11.0,5.0,3.0,3.0,3.0,1.0,626.0,5.0,4.0,2.0,4.0,1.0,4.0,7.0,3.0,4.0,2.0,504.0,22.0,5.0,1.0,9.0,5.0,23.0,2.0,2.0,2.0,32.0,531.0,1.0,22.0,0.0,23.0,14.0,8.0,1.0,1.0,6.0,0.0,494.0,3.0,14.0,6.0,1.0,49.0,12.0,1.0,4.0,28.0,2.0,387.0,18.0,2.0,33.0,4.0,6.0,1.0,14.0,0.0,5.0,6.0,555.0,2.0,11.0,0.0,2.0,3.0,6.0,3.0,4.0,2.0,0.0,600.0,5.0,19.0,3.0,7.0,20.0,25.0,0.0,33.0,19.0,17.0,450.0,7.0,4.0,3.0,0.0,8.0,27.0,4.0,4.0,55.0,14.0,496.0
42,33.46875,1.5064007953499,63.0,0.0,0.17728149986214503,0.0,0.0,0.5459459459459459,1.0,0.9636711281070746,0.5974973931178311,0.0,0.5036496350364964,0.0,0.9786910197869102,0.0,0.0,0.7026086956521739,0.002036659877800407,0.84,0.889751552795031,0.0,0.11219512195121951,0.0,623.0,0.0,0.0,2.0,0.0,0.0,0.0,0.0,0.0,0.0,643.0,0.0,0.0,13.0,0.0,0.0,1.0,0.0,0.0,1.0,554.0,0.0,0.0,14.0,0.0,7.0,0.0,0.0,1.0,0.0,598.0,0.0,0.0,29.0,0.0,0.0,8.0,0.0,0.0,0.0,47.0,0.0,3.0,404.0,0.0,2.0,70.0,0.0,49.0,2.0,468.0,0.0,1.0,11.0,1.0,7.0,1.0,0.0,0.0,4.0,87.0,0.0,0.0,4.0,0.0,504.0,0.0,0.0,1.0,0.0,10.0,0.0,0.0,45.0,0.0,0.0,573.0,0.0,16.0,2.0,560.0,0.0,0.0,16.0,0.0,2.0,0.0,0.0,1.0,0.0,37.0,0.0,0.0,202.0,0.0,1.0,306.0,0.0,69.0
43,49.28125,1.397268955193287,94.0,1.0,0.9364844903988183,0.3333333333333333,0.4,0.4165915238954013,1.0,0.17762753534111864,0.6108545034642032,0.5735294117647058,0.5,0.0208,0.9649923896499238,0.0017331022530329288,0.0031496062992125984,0.8034782608695652,0.002036659877800407,0.9633333333333334,0.8214285714285714,0.06712564543889846,0.0032520325203252032,13.0,0.0,1.0,0.0,14.0,0.0,597.0,0.0,0.0,0.0,0.0,634.0,0.0,0.0,4.0,0.0,11.0,2.0,6.0,0.0,0.0,9.0,1.0,1.0,30.0,0.0,523.0,2.0,11.0,0.0,0.0,0.0,0.0,2.0,63.0,0.0,555.0,7.0,8.0,0.0,0.0,1.0,0.0,0.0,462.0,0.0,22.0,90.0,0.0,0.0,0.0,1.0,1.0,0.0,19.0,1.0,466.0,1.0,2.0,0.0,0.0,1.0,0.0,0.0,19.0,0.0,578.0,0.0,2.0,0.0,0.0,4.0,0.0,0.0,103.0,0.0,6.0,529.0,0.0,2.0,0.0,23.0,0.0,2.0,39.0,0.0,478.0,0.0,39.0,0.0,0.0,4.0,0.0,0.0,356.0,0.0,18.0,235.0,0.0,2.0
44,162.078125,0.44716579607922696,310.0,0.8466165413533835,0.9599383667180277,0.7154882154882155,0.7337770382695508,0.8382099827882961,0.8071428571428572,0.8346456692913385,0.8319870759289176,0.7355769230769231,0.7696078431372549,0.9008,0.9482496194824962,0.7365684575389948,0.694488188976378,0.8469565217391304,0.6904276985743381,0.8833333333333333,0.7996894409937888,0.7900172117039587,0.7658536585365854,563.0,0.0,6.0,13.0,0.0,18.0,20.0,0.0,3.0,2.0,0.0,623.0,13.0,4.0,2.0,1.0,3.0,1.0,10.0,0.0,17.0,3.0,425.0,54.0,7.0,0.0,14.0,32.0,22.0,3.0,23.0,2.0,71.0,441.0,1.0,17.0,5.0,16.0,49.0,10.0,3.0,1.0,2.0,0.0,487.0,0.0,20.0,2.0,8.0,52.0,33.0,2.0,9.0,38.0,6.0,339.0,13.0,1.0,43.0,7.0,20.0,1.0,4.0,0.0,8.0,22.0,530.0,9.0,4.0,2.0,1.0,2.0,45.0,5.0,18.0,0.0,16.0,515.0,2.0,40.0,2.0,12.0,12.0,37.0,9.0,19.0,5.0,1.0,459.0,25.0,3.0,3.0,7.0,9.0,43.0,4.0,9.0,42.0,24.0,471.0
45,64.703125,0.11827300530753403,121.0,0.9502407704654896,0.9709035222052067,0.8803571428571428,0.8731466227347611,0.911070780399274,0.799625468164794,0.90625,0.9202453987730062,0.8210702341137124,0.8469055374592834,0.9472,0.9649923896499238,0.854419410745234,0.8346456692913385,0.8730434782608696,0.869653767820774,0.9183333333333333,0.9316770186335404,0.8450946643717728,0.8455284552845529,592.0,0.0,4.0,0.0,0.0,17.0,9.0,1.0,2.0,0.0,0.0,634.0,7.0,2.0,2.0,4.0,0.0,4.0,2.0,2.0,5.0,8.0,493.0,20.0,5.0,2.0,18.0,2.0,19.0,5.0,1.0,0.0,21.0,530.0,1.0,36.0,1.0,10.0,28.0,7.0,3.0,1.0,2.0,1.0,502.0,6.0,11.0,1.0,2.0,46.0,7.0,2.0,5.0,16.0,4.0,427.0,7.0,0.0,18.0,5.0,3.0,1.0,10.0,0.0,3.0,12.0,551.0,0.0,18.0,2.0,1.0,2.0,9.0,6.0,3.0,1.0,0.0,600.0,4.0,18.0,7.0,3.0,9.0,27.0,5.0,20.0,8.0,2.0,491.0,9.0,4.0,2.0,0.0,5.0,26.0,9.0,3.0,32.0,14.0,520.0
46,116.5,0.3856252209472407,216.0,0.9100775193798449,0.9798449612403101,0.6927621861152142,0.7702909647779479,0.7851239669421488,0.7674897119341564,0.8977272727272727,0.8560250391236307,0.6382575757575758,0.7643097643097643,0.9392,0.9619482496194824,0.8128249566724437,0.7921259842519685,0.8260869565217391,0.7596741344195519,0.79,0.8493788819875776,0.5800344234079173,0.7382113821138211,587.0,0.0,14.0,0.0,0.0,9.0,6.0,3.0,5.0,1.0,1.0,632.0,4.0,0.0,2.0,2.0,0.0,5.0,8.0,3.0,12.0,5.0,469.0,8.0,9.0,4.0,9.0,3.0,58.0,0.0,5.0,1.0,18.0,503.0,1.0,24.0,0.0,23.0,54.0,6.0,2.0,0.0,15.0,0.0,475.0,4.0,2.0,3.0,3.0,71.0,15.0,0.0,14.0,29.0,4.0,373.0,20.0,3.0,28.0,5.0,4.0,0.0,77.0,0.0,8.0,17.0,474.0,0.0,20.0,0.0,12.0,0.0,4.0,11.0,20.0,1.0,1.0,547.0,7.0,41.0,5.0,5.0,56.0,89.0,6.0,45.0,13.0,12.0,337.0,13.0,2.0,2.0,6.0,13.0,80.0,7.0,3.0,40.0,8.0,454.0
47,107.828125,0.6988277515013815,201.0,0.8022151898734177,0.9649923896499238,0.6695205479452054,0.7057851239669422,0.5031645569620253,0.5768500948766604,0.7049180327868853,0.9012345679012346,0.558983666061706,0.6896551724137931,0.8112,0.9649923896499238,0.6776429809358753,0.6724409448818898,0.8295652173913044,0.6191446028513238,0.86,0.906832298136646,0.5301204819277109,0.13008130081300814,507.0,0.0,1.0,1.0,0.0,63.0,42.0,2.0,9.0,0.0,1.0,634.0,5.0,5.0,0.0,4.0,0.0,2.0,6.0,0.0,10.0,2.0,391.0,56.0,22.0,19.0,15.0,3.0,51.0,8.0,5.0,0.0,112.0,427.0,4.0,21.0,0.0,13.0,52.0,1.0,0.0,2.0,3.0,0.0,477.0,0.0,70.0,1.0,11.0,11.0,55.0,1.0,1.0,42.0,8.0,304.0,24.0,1.0,54.0,1.0,24.0,2.0,1.0,0.0,27.0,9.0,516.0,2.0,18.0,1.0,5.0,5.0,19.0,1.0,8.0,0.0,6.0,584.0,3.0,13.0,19.0,6.0,42.0,69.0,11.0,102.0,22.0,1.0,308.0,1.0,6.0,5.0,9.0,4.0,391.0,5.0,37.0,39.0,39.0,80.0
48,166.09375,0.21405102877067947,308.0,0.9110764430577223,0.9434523809523809,0.9013282732447818,0.834658187599364,0.8786692759295499,0.7179023508137432,0.9450354609929078,0.8686131386861314,0.7593856655290102,0.7721518987341772,0.9344,0.9649923896499238,0.8232235701906413,0.8267716535433071,0.7808695652173913,0.8085539714867617,0.8883333333333333,0.9239130434782609,0.76592082616179,0.7934959349593496,584.0,1.0,8.0,3.0,0.0,5.0,4.0,0.0,8.0,12.0,1.0,634.0,4.0,2.0,0.0,3.0,0.0,5.0,8.0,0.0,10.0,12.0,475.0,38.0,4.0,2.0,6.0,6.0,21.0,3.0,4.0,4.0,17.0,525.0,3.0,41.0,3.0,19.0,17.0,2.0,7.0,1.0,4.0,2.0,449.0,3.0,1.0,5.0,15.0,88.0,10.0,3.0,3.0,27.0,0.0,397.0,10.0,0.0,36.0,5.0,8.0,0.0,9.0,3.0,6.0,16.0,533.0,2.0,19.0,4.0,0.0,7.0,3.0,3.0,3.0,2.0,1.0,595.0,3.0,27.0,6.0,6.0,4.0,21.0,20.0,67.0,6.0,3.0,445.0,3.0,11.0,4.0,0.0,5.0,26.0,17.0,0.0,50.0,14.0,488.0
49,63.875,1.282487747027797,126.0,0.25,0.6309148264984227,0.3248259860788863,0.499457111834962,0.45351043643263755,0.7068965517241379,0.5902383654937571,0.48365465213746855,0.5040650406504065,0.4050314465408805,0.0016,0.91324200913242,0.24263431542461006,0.7244094488188977,0.4156521739130435,0.2505091649694501,0.8666666666666667,0.8959627329192547,0.10671256454388985,0.5235772357723577,1.0,30.0,35.0,3.0,7.0,0.0,5.0,501.0,1.0,42.0,0.0,600.0,1.0,8.0,0.0,0.0,0.0,4.0,17.0,27.0,0.0,57.0,140.0,5.0,96.0,0.0,173.0,34.0,3.0,69.0,0.0,53.0,2.0,460.0,8.0,33.0,4.0,17.0,18.0,40.0,1.0,1.0,99.0,0.0,239.0,0.0,150.0,0.0,2.0,83.0,0.0,16.0,5.0,241.0,25.0,123.0,6.0,18.0,7.0,50.0,0.0,0.0,9.0,0.0,53.0,0.0,520.0,2.0,1.0,15.0,1.0,27.0,5.0,0.0,3.0,0.0,2.0,577.0,0.0,29.0,0.0,132.0,7.0,190.0,25.0,18.0,5.0,24.0,62.0,118.0,1.0,35.0,128.0,14.0,71.0,0.0,16.0,16.0,12.0,322.0
50,124.875,0.6621127595234179,235.0,0.8224582701062215,0.8589928057553957,0.6340694006309149,0.7199074074074074,0.8324873096446701,0.5083487940630798,0.8694915254237288,0.7824897400820794,0.4875207986688852,0.8409090909090909,0.8672,0.908675799086758,0.6967071057192374,0.48976377952755906,0.8556521739130435,0.5580448065173116,0.855,0.8881987577639752,0.504302925989673,0.7219512195121951,542.0,0.0,0.0,10.0,2.0,49.0,2.0,1.0,19.0,0.0,0.0,597.0,15.0,0.0,1.0,1.0,3.0,3.0,36.0,1.0,4.0,38.0,402.0,42.0,7.0,12.0,15.0,8.0,48.0,1.0,12.0,0.0,147.0,311.0,4.0,24.0,1.0,36.0,98.0,2.0,0.0,4.0,0.0,0.0,492.0,12.0,9.0,8.0,5.0,45.0,69.0,7.0,7.0,14.0,7.0,274.0,19.0,13.0,81.0,0.0,13.0,18.0,0.0,0.0,6.0,42.0,513.0,0.0,8.0,0.0,0.0,2.0,14.0,8.0,11.0,4.0,2.0,572.0,3.0,28.0,18.0,27.0,47.0,37.0,6.0,105.0,23.0,18.0,293.0,7.0,1.0,2.0,2.0,10.0,55.0,16.0,3.0,72.0,10.0,444.0
51,96.203125,0.10940660859556271,180.0,0.9457735247208932,0.93519882179676,0.8862385321100917,0.8322884012539185,0.8692699490662139,0.8034682080924855,0.900974025974026,0.9283489096573209,0.8406779661016949,0.8972972972972973,0.9488,0.9665144596651446,0.8370883882149047,0.8362204724409449,0.8904347826086957,0.8492871690427699,0.925,0.9254658385093167,0.8537005163511188,0.8097560975609757,593.0,0.0,5.0,3.0,0.0,7.0,8.0,2.0,7.0,0.0,1.0,635.0,5.0,3.0,0.0,5.0,2.0,0.0,3.0,3.0,3.0,10.0,483.0,21.0,7.0,9.0,15.0,10.0,19.0,0.0,0.0,2.0,25.0,531.0,1.0,29.0,3.0,9.0,26.0,9.0,5.0,4.0,2.0,0.0,512.0,12.0,18.0,2.0,1.0,19.0,6.0,3.0,3.0,28.0,8.0,417.0,6.0,1.0,14.0,5.0,4.0,1.0,13.0,0.0,3.0,16.0,555.0,0.0,8.0,0.0,2.0,7.0,6.0,10.0,4.0,3.0,1.0,596.0,2.0,13.0,8.0,13.0,3.0,25.0,6.0,13.0,7.0,2.0,496.0,8.0,5.0,4.0,0.0,17.0,48.0,8.0,1.0,20.0,14.0,498.0
52,27.546875,2.091588242662644,51.0,0.0,0.11770007209805335,0.9601769911504425,0.0,0.0,0.0,0.0,0.0,0.0,0.0,0.0,0.9939117199391172,0.7521663778162911,0.0,0.0,0.0,0.0,0.0,0.0,0.0,0.0,623.0,2.0,0.0,0.0,0.0,0.0,0.0,0.0,0.0,0.0,653.0,4.0,0.0,0.0,0.0,0.0,0.0,0.0,0.0,0.0,143.0,434.0,0.0,0.0,0.0,0.0,0.0,0.0,0.0,0.0,632.0,3.0,0.0,0.0,0.0,0.0,0.0,0.0,0.0,0.0,575.0,0.0,0.0,0.0,0.0,0.0,0.0,0.0,0.0,0.0,488.0,3.0,0.0,0.0,0.0,0.0,0.0,0.0,0.0,0.0,598.0,2.0,0.0,0.0,0.0,0.0,0.0,0.0,0.0,0.0,642.0,2.0,0.0,0.0,0.0,0.0,0.0,0.0,0.0,0.0,580.0,1.0,0.0,0.0,0.0,0.0,0.0,0.0,0.0,0.0,614.0,1.0,0.0,0.0,0.0,0.0,0.0,0.0,0.0
53,137.4375,0.3436359753568822,266.0,0.8997005988023952,0.9625585023400937,0.6851063829787234,0.7760252365930599,0.8892921960072595,0.6601073345259392,0.8873720136518771,0.8745247148288974,0.7746478873239436,0.8274021352313167,0.9616,0.939117199391172,0.8370883882149047,0.7748031496062993,0.8521739130434782,0.7515274949083504,0.8666666666666667,0.7142857142857143,0.7573149741824441,0.7560975609756098,601.0,0.0,2.0,2.0,1.0,14.0,3.0,2.0,0.0,0.0,0.0,617.0,19.0,5.0,0.0,2.0,0.0,3.0,10.0,1.0,8.0,6.0,483.0,21.0,2.0,18.0,26.0,0.0,13.0,0.0,3.0,2.0,66.0,492.0,1.0,33.0,0.0,18.0,15.0,5.0,3.0,0.0,10.0,0.0,490.0,9.0,17.0,0.0,5.0,41.0,26.0,0.0,25.0,16.0,4.0,369.0,14.0,3.0,30.0,4.0,8.0,0.0,45.0,0.0,7.0,14.0,520.0,0.0,6.0,0.0,5.0,6.0,6.0,74.0,7.0,21.0,0.0,460.0,27.0,38.0,7.0,8.0,44.0,9.0,3.0,57.0,3.0,2.0,440.0,8.0,7.0,2.0,5.0,15.0,36.0,22.0,3.0,38.0,22.0,465.0
54,24.453125,1.4565776463521654,45.0,0.9304897314375987,0.9575757575757575,0.27450980392156865,0.14919941775836973,0.0,0.0,0.0,0.9865642994241842,0.16666666666666666,0.0,0.9424,0.9619482496194824,0.024263431542461005,0.968503937007874,0.0,0.0,0.0,0.7981366459627329,0.0034423407917383822,0.0,589.0,0.0,5.0,30.0,0.0,0.0,0.0,1.0,0.0,0.0,0.0,632.0,2.0,21.0,0.0,0.0,0.0,0.0,2.0,0.0,19.0,8.0,14.0,534.0,0.0,0.0,0.0,0.0,2.0,0.0,4.0,2.0,9.0,615.0,0.0,0.0,0.0,3.0,2.0,0.0,2.0,1.0,0.0,570.0,0.0,0.0,0.0,0.0,2.0,0.0,6.0,0.0,3.0,481.0,0.0,0.0,0.0,0.0,1.0,0.0,4.0,1.0,1.0,594.0,0.0,0.0,0.0,0.0,0.0,0.0,3.0,4.0,8.0,114.0,0.0,0.0,0.0,514.0,1.0,0.0,5.0,8.0,5.0,561.0,0.0,0.0,0.0,0.0,2.0,0.0,1.0,4.0,4.0,602.0,0.0,0.0,1.0,3.0,0.0,0.0
55,112.609375,1.06101589556905,217.0,0.3567289117836446,0.7161997563946407,0.5741239892183289,0.2727272727272727,0.6397774687065368,0.0,0.7516891891891891,0.8123028391167192,0.3782991202346041,0.7058823529411765,0.8864,0.8949771689497716,0.36915077989601386,0.004724409448818898,0.8,0.0,0.7416666666666667,0.7996894409937888,0.4440619621342513,0.7024390243902439,554.0,4.0,2.0,3.0,12.0,1.0,4.0,10.0,27.0,8.0,5.0,588.0,7.0,1.0,4.0,0.0,5.0,1.0,45.0,1.0,28.0,63.0,213.0,0.0,92.0,0.0,95.0,2.0,82.0,2.0,445.0,22.0,7.0,3.0,8.0,0.0,7.0,24.0,109.0,10.0,0.0,1.0,29.0,0.0,460.0,0.0,5.0,2.0,14.0,64.0,359.0,18.0,5.0,2.0,4.0,0.0,6.0,14.0,75.0,8.0,0.0,21.0,90.0,0.0,9.0,0.0,445.0,1.0,34.0,0.0,14.0,4.0,1.0,0.0,16.0,2.0,1.0,515.0,21.0,70.0,129.0,99.0,15.0,2.0,28.0,2.0,23.0,8.0,258.0,17.0,19.0,1.0,2.0,0.0,86.0,0.0,1.0,57.0,17.0,432.0
56,93.46875,0.6094195001955829,172.0,0.9382303839732888,0.93519882179676,0.2727272727272727,0.7018813314037626,0.7380530973451327,0.8038147138964578,0.4405320813771518,0.9101307189542484,0.6383763837638377,0.772093023255814,0.8992,0.9665144596651446,0.010398613518197574,0.7637795275590551,0.7252173913043478,0.6008146639511202,0.9383333333333334,0.8649068322981367,0.5955249569707401,0.8097560975609757,562.0,0.0,0.0,1.0,2.0,12.0,45.0,0.0,3.0,0.0,0.0,635.0,0.0,2.0,3.0,2.0,2.0,2.0,10.0,1.0,7.0,10.0,6.0,2.0,15.0,3.0,496.0,1.0,37.0,0.0,1.0,8.0,0.0,485.0,16.0,26.0,15.0,7.0,68.0,9.0,2.0,2.0,3.0,4.0,417.0,1.0,31.0,10.0,9.0,96.0,10.0,4.0,3.0,98.0,7.0,295.0,28.0,3.0,41.0,2.0,9.0,1.0,2.0,0.0,5.0,1.0,563.0,0.0,19.0,0.0,3.0,6.0,0.0,1.0,32.0,1.0,2.0,557.0,6.0,36.0,2.0,10.0,8.0,83.0,21.0,22.0,86.0,0.0,346.0,3.0,3.0,3.0,0.0,15.0,47.0,4.0,10.0,32.0,3.0,498.0
57,72.609375,0.3210650263147217,137.0,0.9355345911949685,0.9518796992481203,0.5417118093174431,0.7928464977645305,0.8178752107925801,0.8770833333333333,0.927461139896373,0.9356913183279743,0.6,0.7779690189328744,0.952,0.9634703196347032,0.8665511265164645,0.8377952755905512,0.8434782608695652,0.8574338085539714,0.895,0.9037267080745341,0.25817555938037867,0.734959349593496,595.0,0.0,15.0,2.0,0.0,4.0,1.0,4.0,4.0,0.0,0.0,633.0,3.0,5.0,3.0,1.0,0.0,2.0,8.0,2.0,7.0,4.0,500.0,10.0,2.0,0.0,6.0,2.0,37.0,9.0,3.0,1.0,34.0,532.0,1.0,19.0,1.0,9.0,26.0,9.0,1.0,2.0,13.0,0.0,485.0,1.0,2.0,5.0,2.0,64.0,6.0,1.0,5.0,27.0,0.0,421.0,18.0,0.0,9.0,4.0,4.0,1.0,34.0,0.0,5.0,8.0,537.0,0.0,6.0,5.0,3.0,3.0,12.0,10.0,6.0,0.0,0.0,582.0,4.0,24.0,8.0,17.0,294.0,63.0,6.0,19.0,12.0,0.0,150.0,12.0,9.0,3.0,13.0,22.0,85.0,7.0,2.0,18.0,4.0,452.0
58,96.5625,0.33778865918069967,180.0,0.9389067524115756,0.9505247376311844,0.5558086560364465,0.797191887675507,0.8647260273972602,0.8181818181818182,0.7845303867403315,0.9381933438985737,0.6147859922178989,0.890652557319224,0.9344,0.9649923896499238,0.8457538994800693,0.8047244094488188,0.8782608695652174,0.714867617107943,0.9466666666666667,0.9192546583850931,0.2719449225473322,0.8211382113821138,584.0,0.0,11.0,1.0,0.0,4.0,19.0,4.0,2.0,0.0,0.0,634.0,7.0,4.0,2.0,7.0,0.0,2.0,0.0,1.0,6.0,13.0,488.0,6.0,2.0,8.0,23.0,2.0,27.0,2.0,0.0,5.0,46.0,511.0,2.0,36.0,3.0,7.0,16.0,9.0,1.0,0.0,2.0,0.0,505.0,4.0,30.0,6.0,6.0,21.0,14.0,6.0,12.0,64.0,3.0,351.0,19.0,1.0,9.0,12.0,5.0,0.0,3.0,0.0,4.0,2.0,568.0,0.0,18.0,0.0,0.0,6.0,12.0,3.0,4.0,0.0,3.0,592.0,12.0,12.0,8.0,1.0,294.0,38.0,12.0,10.0,52.0,3.0,158.0,5.0,4.0,2.0,3.0,14.0,50.0,7.0,7.0,14.0,9.0,505.0
59,63.6875,0.4247664240819099,120.0,0.9409937888198758,0.9383458646616541,0.8715277777777778,0.5988372093023255,0.8709677419354839,0.30763936682725396,0.9475524475524476,0.944,0.48514851485148514,0.8606965174129353,0.9696,0.9497716894977168,0.8700173310225303,0.16220472440944883,0.8921739130434783,0.9103869653767821,0.9033333333333333,0.9161490683229814,0.08433734939759036,0.8439024390243902,606.0,0.0,3.0,0.0,5.0,5.0,4.0,1.0,0.0,1.0,0.0,624.0,6.0,1.0,3.0,6.0,0.0,1.0,11.0,5.0,5.0,8.0,502.0,9.0,7.0,27.0,5.0,5.0,6.0,3.0,0.0,4.0,30.0,103.0,3.0,458.0,2.0,15.0,16.0,4.0,3.0,1.0,4.0,1.0,513.0,2.0,6.0,1.0,0.0,44.0,12.0,0.0,5.0,2.0,4.0,447.0,11.0,0.0,8.0,2.0,5.0,1.0,11.0,2.0,8.0,25.0,542.0,0.0,6.0,0.0,2.0,1.0,5.0,17.0,6.0,3.0,0.0,590.0,0.0,20.0,4.0,23.0,8.0,22.0,6.0,460.0,2.0,2.0,49.0,5.0,7.0,3.0,2.0,15.0,34.0,20.0,0.0,10.0,5.0,519.0
60,93.953125,0.16558169697467084,171.0,0.8755490483162518,0.9681818181818181,0.8613013698630136,0.8513274336283185,0.9108159392789373,0.7293906810035843,0.8933764135702746,0.886002886002886,0.8863198458574181,0.8665540540540541,0.9568,0.9726027397260274,0.8717504332755632,0.75748031496063,0.8347826086956521,0.8289205702647657,0.9216666666666666,0.953416149068323,0.7917383820998278,0.8341463414634146,598.0,0.0,3.0,2.0,0.0,4.0,10.0,3.0,5.0,0.0,0.0,639.0,2.0,6.0,1.0,3.0,0.0,2.0,3.0,1.0,12.0,9.0,503.0,20.0,5.0,2.0,11.0,7.0,8.0,0.0,4.0,3.0,31.0,481.0,1.0,82.0,2.0,20.0,5.0,6.0,3.0,0.0,10.0,1.0,480.0,10.0,16.0,4.0,3.0,48.0,18.0,1.0,4.0,24.0,2.0,407.0,12.0,0.0,18.0,5.0,18.0,1.0,6.0,4.0,3.0,9.0,553.0,1.0,5.0,0.0,2.0,0.0,7.0,3.0,4.0,0.0,3.0,614.0,1.0,10.0,21.0,4.0,18.0,20.0,5.0,31.0,10.0,3.0,460.0,9.0,7.0,3.0,0.0,4.0,26.0,10.0,2.0,39.0,11.0,513.0
61,44.015625,1.2043251093646674,84.0,0.25,0.9705426356589147,0.8284424379232506,0.5282631038026722,0.21052631578947367,0.2463768115942029,0.89,0.35477178423236516,0.328748280605227,0.2576054955839058,0.0016,0.9528158295281582,0.6360485268630849,0.8094488188976378,0.006956521739130435,0.034623217922606926,0.89,0.265527950310559,0.4113597246127367,0.8536585365853658,1.0,0.0,0.0,2.0,0.0,6.0,2.0,78.0,14.0,522.0,0.0,626.0,5.0,2.0,0.0,0.0,0.0,2.0,20.0,2.0,0.0,1.0,367.0,104.0,0.0,8.0,27.0,13.0,48.0,9.0,0.0,1.0,11.0,514.0,0.0,1.0,1.0,18.0,81.0,8.0,0.0,3.0,1.0,0.0,4.0,1.0,22.0,20.0,5.0,519.0,0.0,0.0,21.0,104.0,3.0,17.0,7.0,74.0,197.0,68.0,0.0,1.0,13.0,0.0,6.0,8.0,534.0,7.0,5.0,26.0,2.0,6.0,3.0,7.0,1.0,18.0,0.0,171.0,106.0,330.0,0.0,3.0,22.0,237.0,3.0,8.0,5.0,35.0,239.0,29.0,1.0,4.0,0.0,3.0,2.0,2.0,2.0,64.0,12.0,525.0
62,73.125,1.379105600381037,137.0,0.0,0.9707692307692307,0.15384615384615385,0.0,0.5871559633027523,0.0,0.16699576868829338,0.7224334600760456,0.35294117647058826,0.5419501133786848,0.0,0.9604261796042618,0.0034662045060658577,0.0,0.5565217391304348,0.0,0.9866666666666667,0.8850931677018633,0.010327022375215147,0.3886178861788618,0.0,0.0,0.0,0.0,1.0,0.0,623.0,0.0,0.0,1.0,0.0,631.0,4.0,0.0,1.0,0.0,17.0,1.0,1.0,2.0,0.0,5.0,2.0,0.0,14.0,0.0,547.0,1.0,6.0,2.0,0.0,0.0,1.0,0.0,28.0,0.0,592.0,9.0,2.0,3.0,0.0,0.0,0.0,0.0,320.0,0.0,95.0,15.0,1.0,144.0,0.0,1.0,0.0,0.0,4.0,0.0,485.0,0.0,0.0,1.0,0.0,1.0,1.0,0.0,5.0,0.0,592.0,0.0,0.0,1.0,0.0,2.0,2.0,0.0,14.0,0.0,8.0,570.0,1.0,47.0,0.0,7.0,3.0,0.0,17.0,0.0,547.0,0.0,6.0,1.0,0.0,3.0,0.0,0.0,141.0,0.0,39.0,193.0,0.0,239.0
63,73.125,0.2912172509580428,136.0,0.9344773790951638,0.9755351681957186,0.9113680154142582,0.445859872611465,0.8690476190476191,0.8653421633554084,0.9111842105263158,0.897239263803681,0.36585365853658536,0.8571428571428571,0.9584,0.9710806697108066,0.8197573656845754,0.8818897637795275,0.888695652173913,0.7983706720977597,0.9233333333333333,0.9083850931677019,0.025817555938037865,0.8195121951219512,599.0,0.0,0.0,10.0,3.0,2.0,10.0,0.0,1.0,0.0,1.0,638.0,4.0,7.0,0.0,1.0,0.0,1.0,4.0,1.0,4.0,5.0,473.0,57.0,13.0,2.0,11.0,4.0,6.0,2.0,2.0,1.0,9.0,560.0,6.0,29.0,1.0,22.0,3.0,2.0,3.0,1.0,5.0,2.0,511.0,1.0,6.0,6.0,4.0,36.0,14.0,1.0,3.0,48.0,2.0,392.0,19.0,1.0,4.0,7.0,4.0,1.0,10.0,20.0,2.0,7.0,554.0,0.0,1.0,1.0,3.0,2.0,6.0,11.0,6.0,0.0,0.0,585.0,0.0,31.0,7.0,2.0,9.0,514.0,10.0,13.0,5.0,2.0,15.0,4.0,4.0,3.0,0.0,27.0,35.0,6.0,2.0,31.0,3.0,504.0
64,196.953125,0.37304736867312116,374.0,0.9463414634146341,0.9173290937996821,0.7337367624810892,0.8391224862888482,0.8344481605351171,0.710261569416499,0.8756137479541735,0.866965620328849,0.6388443017656501,0.88,0.9312,0.878234398782344,0.8405545927209706,0.7228346456692913,0.8678260869565217,0.7189409368635438,0.8916666666666667,0.9006211180124224,0.685025817555938,0.7869918699186992,582.0,0.0,4.0,2.0,1.0,24.0,9.0,1.0,2.0,0.0,0.0,577.0,8.0,5.0,1.0,3.0,0.0,4.0,58.0,1.0,5.0,0.0,485.0,1.0,3.0,9.0,13.0,3.0,57.0,1.0,0.0,14.0,50.0,459.0,2.0,41.0,1.0,17.0,45.0,6.0,0.0,0.0,0.0,0.0,499.0,6.0,24.0,3.0,10.0,33.0,17.0,1.0,16.0,51.0,10.0,353.0,18.0,3.0,18.0,4.0,2.0,3.0,23.0,0.0,11.0,24.0,535.0,0.0,2.0,0.0,4.0,1.0,4.0,6.0,4.0,3.0,0.0,580.0,23.0,19.0,3.0,30.0,70.0,14.0,12.0,26.0,9.0,17.0,398.0,2.0,2.0,3.0,1.0,9.0,55.0,8.0,2.0,41.0,10.0,484.0
65,142.125,0.41699962362467,273.0,0.8122448979591836,0.8964497041420119,0.8684759916492694,0.8037225042301185,0.8295652173913044,0.6243291592128801,0.8970840480274442,0.8413597733711048,0.7798507462686567,0.8071428571428572,0.9552,0.9223744292237442,0.7209705372616985,0.7480314960629921,0.8295652173913044,0.7107942973523421,0.8716666666666667,0.922360248447205,0.7194492254733219,0.734959349593496,597.0,0.0,1.0,8.0,4.0,10.0,5.0,0.0,0.0,0.0,0.0,606.0,12.0,18.0,2.0,2.0,0.0,1.0,16.0,0.0,11.0,21.0,416.0,53.0,12.0,18.0,23.0,5.0,18.0,0.0,32.0,18.0,27.0,475.0,3.0,44.0,3.0,18.0,8.0,7.0,2.0,1.0,7.0,0.0,477.0,4.0,10.0,5.0,4.0,65.0,57.0,1.0,4.0,18.0,6.0,349.0,9.0,4.0,38.0,5.0,17.0,0.0,8.0,0.0,12.0,21.0,523.0,0.0,19.0,0.0,2.0,2.0,1.0,8.0,9.0,2.0,0.0,594.0,2.0,24.0,11.0,25.0,3.0,9.0,6.0,92.0,9.0,1.0,418.0,7.0,6.0,2.0,0.0,2.0,44.0,17.0,1.0,78.0,13.0,452.0
66,62.375,0.4128896070474201,117.0,0.8734177215189873,0.8454172366621067,0.8528864059590316,0.8597662771285476,0.8793418647166362,0.700990099009901,0.8133535660091047,0.9237435008665511,0.6762452107279694,0.7554269175108539,0.8832,0.9406392694063926,0.7937608318890814,0.8110236220472441,0.8365217391304348,0.7209775967413442,0.8933333333333333,0.827639751552795,0.6075731497418244,0.848780487804878,552.0,10.0,1.0,0.0,1.0,1.0,19.0,0.0,41.0,0.0,1.0,618.0,11.0,10.0,2.0,2.0,0.0,5.0,7.0,1.0,12.0,25.0,458.0,8.0,5.0,3.0,45.0,3.0,15.0,3.0,0.0,24.0,17.0,515.0,2.0,38.0,1.0,11.0,10.0,17.0,0.0,1.0,5.0,4.0,481.0,0.0,24.0,0.0,4.0,56.0,8.0,4.0,7.0,37.0,3.0,354.0,16.0,0.0,60.0,2.0,13.0,1.0,29.0,0.0,8.0,0.0,536.0,0.0,13.0,0.0,1.0,15.0,2.0,2.0,7.0,0.0,0.0,533.0,6.0,78.0,40.0,30.0,7.0,14.0,12.0,97.0,15.0,1.0,353.0,12.0,5.0,3.0,0.0,9.0,26.0,10.0,3.0,24.0,13.0,522.0
67,52.8125,0.05380389354857289,101.0,0.9565217391304348,0.9635258358662614,0.8873239436619719,0.8776167471819646,0.8833333333333333,0.9023354564755839,0.912,0.8994082840236687,0.8838028169014085,0.8885135135135135,0.9504,0.9649923896499238,0.8734835355285961,0.8582677165354331,0.9217391304347826,0.8655804480651731,0.95,0.9440993788819876,0.8640275387263339,0.8552845528455284,594.0,0.0,4.0,2.0,4.0,3.0,12.0,2.0,4.0,0.0,1.0,634.0,8.0,1.0,4.0,2.0,0.0,5.0,1.0,1.0,8.0,3.0,504.0,19.0,11.0,0.0,5.0,9.0,13.0,5.0,1.0,4.0,16.0,545.0,0.0,27.0,3.0,16.0,16.0,7.0,0.0,3.0,5.0,2.0,530.0,0.0,4.0,3.0,4.0,24.0,1.0,0.0,3.0,20.0,4.0,425.0,23.0,4.0,7.0,4.0,2.0,2.0,8.0,1.0,6.0,4.0,570.0,1.0,5.0,1.0,0.0,3.0,4.0,5.0,7.0,1.0,1.0,608.0,1.0,14.0,11.0,5.0,14.0,18.0,12.0,6.0,3.0,0.0,502.0,10.0,3.0,4.0,2.0,8.0,22.0,3.0,4.0,28.0,15.0,526.0
68,87.328125,0.12315083312584156,167.0,0.9488,0.9679878048780488,0.8766891891891891,0.8516228748068007,0.8586387434554974,0.7773584905660378,0.9390862944162437,0.8836858006042296,0.8612612612612612,0.8506151142355008,0.9488,0.9665144596651446,0.8994800693240901,0.8677165354330708,0.8556521739130435,0.8391038696537678,0.925,0.9083850931677019,0.8227194492254734,0.7869918699186992,593.0,0.0,7.0,1.0,2.0,11.0,5.0,1.0,2.0,3.0,0.0,635.0,7.0,4.0,0.0,2.0,0.0,5.0,2.0,2.0,3.0,3.0,519.0,19.0,12.0,5.0,3.0,4.0,6.0,3.0,1.0,1.0,17.0,551.0,3.0,34.0,0.0,9.0,18.0,1.0,6.0,1.0,5.0,0.0,492.0,4.0,10.0,4.0,4.0,49.0,6.0,2.0,7.0,18.0,7.0,412.0,7.0,2.0,29.0,1.0,3.0,1.0,10.0,0.0,9.0,15.0,555.0,0.0,7.0,0.0,2.0,3.0,9.0,17.0,4.0,1.0,0.0,585.0,2.0,21.0,4.0,5.0,11.0,24.0,9.0,36.0,9.0,0.0,478.0,5.0,7.0,5.0,0.0,13.0,35.0,10.0,2.0,52.0,7.0,484.0
69,57.5,0.05050179457883437,107.0,0.9488,0.9768160741885626,0.9013605442176871,0.898876404494382,0.9269662921348315,0.8735177865612648,0.9351081530782029,0.9360374414976599,0.8828671328671329,0.8250377073906485,0.9488,0.9619482496194824,0.9185441941074524,0.8818897637795275,0.8608695652173913,0.90020366598778,0.9366666666666666,0.9316770186335404,0.8691910499139415,0.8894308943089431,593.0,0.0,2.0,0.0,0.0,11.0,10.0,1.0,7.0,1.0,0.0,632.0,4.0,4.0,2.0,2.0,1.0,5.0,4.0,3.0,7.0,6.0,530.0,7.0,6.0,0.0,5.0,5.0,11.0,0.0,0.0,0.0,14.0,560.0,0.0,19.0,1.0,5.0,14.0,22.0,2.0,1.0,8.0,0.0,495.0,2.0,7.0,3.0,2.0,55.0,7.0,0.0,2.0,21.0,3.0,442.0,6.0,0.0,6.0,4.0,4.0,1.0,6.0,0.0,5.0,8.0,562.0,1.0,13.0,0.0,4.0,1.0,11.0,7.0,4.0,0.0,1.0,600.0,1.0,15.0,3.0,2.0,10.0,15.0,7.0,12.0,7.0,4.0,505.0,16.0,5.0,4.0,1.0,9.0,12.0,10.0,1.0,17.0,9.0,547.0
70,89.9375,0.65846296792617,173.0,0.519455252918288,0.7968069666182874,0.375,0.8589743589743589,0.823321554770318,0.6921487603305785,0.7007575757575758,0.9135220125786163,0.7067833698030634,0.7967213114754098,0.8544,0.8356164383561644,0.12478336221837089,0.7385826771653543,0.8104347826086956,0.6822810590631364,0.925,0.9021739130434783,0.5559380378657487,0.7902439024390244,534.0,12.0,39.0,1.0,0.0,0.0,32.0,1.0,6.0,0.0,35.0,549.0,33.0,4.0,1.0,5.0,2.0,1.0,27.0,0.0,394.0,26.0,72.0,2.0,6.0,1.0,61.0,5.0,8.0,2.0,16.0,58.0,4.0,469.0,3.0,54.0,2.0,8.0,5.0,16.0,2.0,0.0,0.0,0.0,466.0,6.0,29.0,0.0,5.0,67.0,13.0,10.0,4.0,46.0,7.0,335.0,13.0,0.0,58.0,5.0,6.0,0.0,14.0,0.0,6.0,0.0,555.0,0.0,19.0,0.0,6.0,3.0,9.0,4.0,8.0,0.0,1.0,581.0,2.0,30.0,20.0,31.0,11.0,5.0,22.0,73.0,90.0,2.0,323.0,4.0,2.0,0.0,6.0,15.0,47.0,10.0,7.0,38.0,4.0,486.0
71,86.9375,0.15845985109797864,159.0,0.9366306027820711,0.9725190839694656,0.8976660682226212,0.9065420560747663,0.8699324324324325,0.7414104882459313,0.9375,0.8888888888888888,0.7965571205007824,0.8847517730496454,0.9696,0.969558599695586,0.8665511265164645,0.7637795275590551,0.8956521739130435,0.835030549898167,0.925,0.9192546583850931,0.8760757314974182,0.8113821138211382,606.0,0.0,2.0,0.0,0.0,7.0,6.0,1.0,3.0,0.0,1.0,637.0,1.0,7.0,2.0,2.0,0.0,4.0,2.0,1.0,3.0,4.0,500.0,12.0,7.0,7.0,10.0,10.0,23.0,1.0,0.0,4.0,32.0,485.0,0.0,72.0,1.0,19.0,17.0,5.0,7.0,0.0,0.0,1.0,515.0,6.0,9.0,4.0,6.0,27.0,11.0,0.0,2.0,9.0,5.0,410.0,6.0,1.0,43.0,4.0,7.0,1.0,3.0,0.0,4.0,7.0,555.0,1.0,22.0,0.0,2.0,3.0,8.0,8.0,4.0,0.0,0.0,592.0,2.0,25.0,4.0,4.0,9.0,2.0,9.0,33.0,5.0,4.0,509.0,2.0,6.0,2.0,0.0,11.0,46.0,9.0,0.0,30.0,12.0,499.0
72,61.6875,2.1082957726220655,119.0,0.0,0.24331870761866772,0.0,0.1673352435530086,1.0,0.0,0.0,0.0,0.0,0.0,0.0,0.928462709284627,0.0,0.9196850393700787,0.0017391304347826088,0.0,0.0,0.0,0.0,0.0,0.0,1.0,0.0,624.0,0.0,0.0,0.0,0.0,0.0,0.0,0.0,610.0,0.0,47.0,0.0,0.0,0.0,0.0,0.0,0.0,0.0,28.0,0.0,549.0,0.0,0.0,0.0,0.0,0.0,0.0,0.0,50.0,0.0,584.0,0.0,0.0,0.0,1.0,0.0,0.0,0.0,530.0,0.0,43.0,1.0,0.0,0.0,1.0,0.0,0.0,0.0,7.0,0.0,484.0,0.0,0.0,0.0,0.0,0.0,0.0,0.0,21.0,0.0,579.0,0.0,0.0,0.0,0.0,0.0,0.0,0.0,612.0,0.0,32.0,0.0,0.0,0.0,0.0,0.0,0.0,0.0,76.0,0.0,505.0,0.0,0.0,0.0,0.0,0.0,0.0,0.0,572.0,0.0,43.0,0.0,0.0,0.0,0.0,0.0,0.0
73,64.65625,0.11138988876398737,121.0,0.9433962264150944,0.9575113808801214,0.8946428571428572,0.8777089783281734,0.9042553191489362,0.918141592920354,0.930116472545757,0.9305555555555556,0.8276972624798712,0.8646003262642741,0.96,0.9604261796042618,0.8682842287694974,0.8929133858267716,0.8869565217391304,0.845213849287169,0.9316666666666666,0.9363354037267081,0.8846815834767642,0.8617886178861789,600.0,0.0,2.0,2.0,1.0,1.0,11.0,1.0,7.0,0.0,0.0,631.0,8.0,2.0,4.0,4.0,0.0,4.0,2.0,2.0,7.0,10.0,501.0,11.0,12.0,6.0,5.0,6.0,18.0,1.0,3.0,5.0,9.0,567.0,1.0,12.0,1.0,5.0,23.0,9.0,2.0,1.0,8.0,2.0,510.0,1.0,6.0,6.0,4.0,35.0,7.0,2.0,4.0,27.0,4.0,415.0,10.0,1.0,16.0,5.0,4.0,1.0,11.0,1.0,4.0,4.0,559.0,1.0,15.0,0.0,0.0,2.0,9.0,3.0,8.0,0.0,0.0,603.0,3.0,16.0,5.0,3.0,7.0,13.0,5.0,6.0,9.0,4.0,514.0,15.0,8.0,4.0,1.0,18.0,15.0,3.0,0.0,17.0,19.0,530.0
74,67.28125,1.9501047513469894,127.0,0.0,0.9531013615733737,0.0,0.0,0.0,0.0,1.0,0.11990907368819852,0.35714285714285715,0.0,0.0,0.958904109589041,0.0,0.0,0.0,0.0,0.0016666666666666668,0.9829192546583851,0.03442340791738382,0.0,0.0,0.0,0.0,0.0,0.0,0.0,0.0,625.0,0.0,0.0,0.0,630.0,0.0,1.0,0.0,0.0,0.0,16.0,10.0,0.0,0.0,9.0,0.0,0.0,0.0,0.0,0.0,561.0,7.0,0.0,0.0,2.0,0.0,0.0,0.0,0.0,0.0,625.0,8.0,0.0,0.0,2.0,0.0,0.0,0.0,0.0,0.0,571.0,2.0,0.0,0.0,0.0,0.0,0.0,0.0,0.0,0.0,490.0,1.0,0.0,0.0,1.0,0.0,0.0,0.0,0.0,1.0,598.0,0.0,0.0,0.0,3.0,0.0,2.0,0.0,0.0,0.0,633.0,6.0,0.0,0.0,11.0,0.0,0.0,0.0,0.0,0.0,550.0,20.0,0.0,0.0,3.0,0.0,0.0,0.0,0.0,0.0,610.0,2.0,0.0
75,83.234375,0.9120207361374103,154.0,0.9314641744548287,0.9497784342688331,0.0,0.21151079136690648,0.8875968992248062,0.43103448275862066,0.2631578947368421,0.8785488958990536,0.4117647058823529,0.8,0.9568,0.9786910197869102,0.0,0.925984251968504,0.7965217391304348,0.05091649694501019,0.008333333333333333,0.8649068322981367,0.024096385542168676,0.832520325203252,598.0,0.0,0.0,17.0,1.0,5.0,0.0,4.0,0.0,0.0,0.0,643.0,0.0,7.0,1.0,0.0,1.0,2.0,2.0,1.0,7.0,9.0,0.0,542.0,1.0,7.0,1.0,1.0,5.0,4.0,1.0,4.0,0.0,588.0,5.0,2.0,0.0,5.0,6.0,24.0,3.0,2.0,0.0,34.0,458.0,1.0,10.0,24.0,2.0,41.0,13.0,1.0,0.0,443.0,3.0,25.0,0.0,0.0,2.0,4.0,5.0,1.0,0.0,570.0,8.0,9.0,5.0,0.0,0.0,2.0,5.0,4.0,0.0,7.0,20.0,1.0,0.0,557.0,3.0,47.0,5.0,11.0,0.0,536.0,4.0,3.0,2.0,1.0,14.0,5.0,5.0,2.0,0.0,36.0,15.0,5.0,0.0,40.0,0.0,512.0
76,79.171875,1.6768904787135475,152.0,0.9369951534733441,0.9548192771084337,0.18181818181818182,0.0,0.0,0.0,0.0,0.1362368590431238,0.0,0.0,0.928,0.9649923896499238,0.01386481802426343,0.0,0.0,0.0,0.0,0.9860248447204969,0.0,0.0,580.0,0.0,11.0,0.0,0.0,1.0,0.0,33.0,0.0,0.0,0.0,634.0,3.0,0.0,1.0,0.0,0.0,19.0,0.0,0.0,18.0,13.0,8.0,0.0,0.0,4.0,0.0,534.0,0.0,0.0,1.0,1.0,2.0,0.0,0.0,1.0,0.0,630.0,0.0,0.0,0.0,3.0,0.0,0.0,0.0,0.0,0.0,572.0,0.0,0.0,8.0,1.0,10.0,2.0,0.0,0.0,0.0,470.0,0.0,0.0,4.0,1.0,2.0,0.0,0.0,1.0,0.0,592.0,0.0,0.0,3.0,3.0,2.0,1.0,0.0,0.0,0.0,635.0,0.0,0.0,3.0,5.0,5.0,0.0,0.0,1.0,0.0,567.0,0.0,0.0,2.0,3.0,1.0,0.0,0.0,0.0,0.0,609.0,0.0,0.0
77,48.8125,0.17277250059710975,93.0,0.9485530546623794,0.9694189602446484,0.8963636363636364,0.8094512195121951,0.9269162210338681,0.7784810126582279,0.9313725490196079,0.9222560975609756,0.7931034482758621,0.9098786828422877,0.944,0.9649923896499238,0.854419410745234,0.8362204724409449,0.9043478260869565,0.7515274949083504,0.95,0.9394409937888198,0.8709122203098106,0.8536585365853658,590.0,0.0,3.0,1.0,0.0,11.0,8.0,3.0,9.0,0.0,0.0,634.0,3.0,7.0,1.0,1.0,0.0,4.0,6.0,1.0,8.0,3.0,493.0,24.0,7.0,9.0,8.0,6.0,17.0,2.0,1.0,6.0,24.0,531.0,0.0,33.0,1.0,13.0,16.0,10.0,3.0,2.0,2.0,3.0,520.0,2.0,6.0,3.0,13.0,21.0,4.0,1.0,3.0,54.0,1.0,369.0,13.0,2.0,41.0,3.0,3.0,0.0,2.0,0.0,2.0,9.0,570.0,0.0,14.0,0.0,2.0,2.0,5.0,13.0,3.0,1.0,0.0,605.0,5.0,8.0,5.0,5.0,14.0,4.0,4.0,30.0,5.0,1.0,506.0,7.0,6.0,1.0,1.0,19.0,23.0,9.0,1.0,19.0,11.0,525.0
78,145.328125,0.15962648722198125,275.0,0.916923076923077,0.9540581929555896,0.8101472995090017,0.8729874776386404,0.8289473684210527,0.7481203007518797,0.9023569023569024,0.9026946107784432,0.815442561205273,0.8434343434343434,0.9536,0.9482496194824962,0.8578856152512998,0.768503937007874,0.8765217391304347,0.8105906313645621,0.8933333333333333,0.9363354037267081,0.7452667814113597,0.8146341463414634,596.0,0.0,3.0,0.0,3.0,7.0,7.0,3.0,4.0,2.0,0.0,623.0,8.0,5.0,2.0,3.0,1.0,6.0,7.0,2.0,8.0,6.0,495.0,9.0,3.0,3.0,17.0,6.0,26.0,4.0,1.0,0.0,37.0,488.0,2.0,68.0,0.0,10.0,20.0,9.0,2.0,2.0,2.0,0.0,504.0,5.0,16.0,7.0,4.0,33.0,14.0,3.0,6.0,36.0,11.0,398.0,8.0,0.0,10.0,5.0,7.0,1.0,25.0,1.0,16.0,3.0,536.0,0.0,11.0,0.0,4.0,3.0,7.0,2.0,7.0,1.0,1.0,603.0,3.0,13.0,12.0,12.0,27.0,11.0,22.0,32.0,6.0,1.0,433.0,25.0,6.0,3.0,1.0,7.0,38.0,12.0,2.0,32.0,13.0,501.0
79,55.125,0.43308615991524596,105.0,0.8892508143322475,0.9425113464447806,0.7198142414860681,0.6428571428571429,0.8403508771929824,0.7274549098196392,0.9001814882032668,0.9357945425361156,0.6479591836734694,0.7924242424242425,0.8736,0.9482496194824962,0.8058925476603119,0.7937007874015748,0.8330434782608696,0.7393075356415478,0.8266666666666667,0.90527950310559,0.43717728055077454,0.8504065040650407,546.0,0.0,2.0,2.0,4.0,40.0,14.0,1.0,11.0,5.0,0.0,623.0,10.0,2.0,0.0,6.0,4.0,2.0,8.0,2.0,4.0,4.0,465.0,36.0,13.0,18.0,10.0,6.0,17.0,4.0,0.0,0.0,53.0,504.0,2.0,35.0,0.0,10.0,28.0,3.0,1.0,5.0,14.0,0.0,479.0,0.0,11.0,3.0,8.0,54.0,29.0,1.0,10.0,43.0,7.0,363.0,10.0,0.0,19.0,9.0,15.0,3.0,37.0,1.0,25.0,21.0,496.0,1.0,1.0,0.0,2.0,7.0,6.0,4.0,4.0,0.0,2.0,583.0,8.0,28.0,11.0,16.0,48.0,184.0,15.0,14.0,3.0,4.0,254.0,32.0,6.0,2.0,1.0,8.0,21.0,2.0,1.0,13.0,38.0,523.0
80,68.984375,0.09951905430981388,133.0,0.9541139240506329,0.9592760180995475,0.8006482982171799,0.8692699490662139,0.9415094339622642,0.7818181818181819,0.9173693086003373,0.9150227617602428,0.8456140350877193,0.8860971524288107,0.9648,0.9680365296803652,0.8561525129982669,0.8062992125984252,0.8678260869565217,0.8757637474541752,0.9066666666666666,0.9363354037267081,0.8296041308089501,0.8601626016260162,603.0,0.0,5.0,0.0,3.0,4.0,6.0,1.0,3.0,0.0,1.0,636.0,7.0,2.0,2.0,2.0,3.0,3.0,1.0,0.0,6.0,6.0,494.0,28.0,5.0,5.0,6.0,10.0,17.0,0.0,1.0,1.0,31.0,512.0,0.0,57.0,1.0,11.0,13.0,8.0,2.0,1.0,14.0,0.0,499.0,2.0,14.0,7.0,6.0,30.0,5.0,0.0,4.0,18.0,1.0,430.0,11.0,2.0,11.0,9.0,3.0,1.0,22.0,0.0,4.0,12.0,544.0,0.0,14.0,0.0,0.0,3.0,14.0,6.0,1.0,1.0,1.0,603.0,2.0,13.0,5.0,11.0,21.0,19.0,3.0,24.0,5.0,3.0,482.0,8.0,6.0,4.0,5.0,4.0,12.0,13.0,2.0,19.0,21.0,529.0
81,86.34375,0.16287719889239238,161.0,0.9180834621329211,0.9694656488549618,0.7772585669781932,0.8571428571428571,0.8825757575757576,0.7744510978043913,0.902946273830156,0.9215384615384615,0.8072916666666666,0.8038585209003215,0.9504,0.9665144596651446,0.8648180242634316,0.8125984251968504,0.8104347826086956,0.790224032586558,0.8683333333333333,0.9301242236024845,0.8003442340791739,0.8130081300813008,594.0,0.0,7.0,0.0,1.0,10.0,5.0,4.0,3.0,1.0,0.0,635.0,8.0,3.0,2.0,0.0,1.0,4.0,4.0,0.0,15.0,7.0,499.0,18.0,4.0,5.0,9.0,1.0,16.0,3.0,1.0,0.0,33.0,516.0,0.0,21.0,3.0,12.0,39.0,10.0,4.0,1.0,9.0,1.0,466.0,4.0,17.0,6.0,0.0,67.0,17.0,2.0,5.0,32.0,7.0,388.0,12.0,1.0,24.0,3.0,5.0,1.0,43.0,0.0,6.0,16.0,521.0,0.0,8.0,0.0,1.0,1.0,8.0,3.0,6.0,1.0,1.0,599.0,2.0,22.0,4.0,4.0,27.0,8.0,3.0,46.0,5.0,3.0,465.0,16.0,6.0,4.0,3.0,21.0,33.0,10.0,3.0,20.0,15.0,500.0
82,161.703125,0.18139585053487017,305.0,0.8625730994152047,0.9510385756676558,0.8647686832740213,0.8153846153846154,0.9064748201438849,0.7413793103448276,0.8858520900321544,0.9304897314375987,0.879837067209776,0.863036303630363,0.944,0.9756468797564688,0.8422876949740035,0.8346456692913385,0.8765217391304347,0.7881873727087576,0.9183333333333333,0.9145962732919255,0.7435456110154905,0.8504065040650407,590.0,0.0,1.0,9.0,0.0,5.0,13.0,1.0,6.0,0.0,0.0,641.0,5.0,5.0,0.0,0.0,0.0,3.0,2.0,1.0,10.0,4.0,486.0,34.0,5.0,0.0,15.0,6.0,17.0,0.0,8.0,1.0,24.0,530.0,2.0,39.0,4.0,11.0,7.0,9.0,1.0,2.0,11.0,2.0,504.0,5.0,14.0,2.0,2.0,32.0,42.0,0.0,1.0,28.0,3.0,387.0,14.0,0.0,11.0,5.0,9.0,1.0,9.0,0.0,4.0,19.0,551.0,0.0,7.0,0.0,2.0,6.0,8.0,10.0,4.0,1.0,2.0,589.0,1.0,21.0,9.0,14.0,17.0,25.0,6.0,55.0,6.0,2.0,432.0,15.0,13.0,5.0,0.0,7.0,28.0,11.0,3.0,19.0,6.0,523.0
83,66.90625,0.16632762495703743,127.0,0.9462875197472354,0.9708588957055214,0.8666666666666667,0.9118198874296435,0.8765652951699463,0.7326007326007326,0.9059967585089141,0.8588235294117647,0.8168067226890756,0.8216666666666667,0.9584,0.9634703196347032,0.878682842287695,0.7653543307086614,0.8521739130434782,0.814663951120163,0.9316666666666666,0.906832298136646,0.8364888123924269,0.8016260162601626,599.0,0.0,3.0,0.0,2.0,10.0,10.0,0.0,1.0,0.0,0.0,633.0,3.0,6.0,2.0,3.0,1.0,5.0,3.0,1.0,5.0,7.0,507.0,10.0,6.0,4.0,14.0,11.0,13.0,0.0,1.0,0.0,32.0,486.0,1.0,62.0,1.0,20.0,20.0,12.0,6.0,2.0,2.0,0.0,490.0,8.0,10.0,7.0,2.0,48.0,9.0,0.0,2.0,17.0,2.0,400.0,9.0,2.0,42.0,8.0,6.0,1.0,8.0,0.0,2.0,13.0,559.0,4.0,6.0,1.0,1.0,3.0,11.0,1.0,3.0,5.0,1.0,584.0,7.0,28.0,3.0,5.0,15.0,5.0,7.0,31.0,10.0,10.0,486.0,9.0,3.0,1.0,2.0,8.0,44.0,10.0,2.0,37.0,15.0,493.0
84,67.71875,0.11039561888440227,128.0,0.9466882067851373,0.9485294117647058,0.8613013698630136,0.8904347826086957,0.8831615120274914,0.773308957952468,0.8973143759873617,0.9323899371069182,0.8385899814471243,0.8396694214876033,0.9376,0.9817351598173516,0.8717504332755632,0.8062992125984252,0.8939130434782608,0.8615071283095723,0.9466666666666667,0.9208074534161491,0.7779690189328744,0.8260162601626017,586.0,0.0,14.0,0.0,0.0,7.0,12.0,2.0,4.0,0.0,0.0,645.0,2.0,1.0,2.0,3.0,0.0,1.0,0.0,3.0,11.0,9.0,503.0,4.0,3.0,7.0,14.0,5.0,17.0,4.0,0.0,7.0,25.0,512.0,3.0,32.0,0.0,9.0,30.0,17.0,0.0,2.0,2.0,0.0,514.0,8.0,5.0,1.0,2.0,41.0,6.0,2.0,1.0,20.0,3.0,423.0,16.0,0.0,19.0,1.0,9.0,1.0,7.0,0.0,5.0,8.0,568.0,0.0,2.0,0.0,0.0,2.0,8.0,5.0,2.0,5.0,1.0,593.0,4.0,24.0,4.0,10.0,19.0,19.0,9.0,44.0,16.0,1.0,452.0,7.0,3.0,2.0,3.0,14.0,41.0,10.0,1.0,24.0,9.0,508.0
85,135.234375,0.2599303673429604,255.0,0.9216300940438872,0.9343065693430657,0.8637992831541219,0.8614864864864865,0.8242753623188406,0.7463235294117647,0.905940594059406,0.9137134052388289,0.823321554770318,0.8311475409836065,0.9408,0.974124809741248,0.8353552859618717,0.8031496062992126,0.7913043478260869,0.8268839103869654,0.915,0.9208074534161491,0.802065404475043,0.824390243902439,588.0,0.0,4.0,2.0,4.0,14.0,9.0,0.0,3.0,1.0,0.0,640.0,5.0,1.0,1.0,2.0,0.0,2.0,5.0,1.0,7.0,12.0,482.0,26.0,8.0,9.0,15.0,9.0,9.0,0.0,0.0,2.0,29.0,510.0,3.0,47.0,1.0,17.0,18.0,8.0,1.0,6.0,7.0,1.0,455.0,2.0,20.0,1.0,19.0,63.0,16.0,0.0,8.0,21.0,5.0,406.0,2.0,1.0,30.0,2.0,10.0,1.0,10.0,0.0,9.0,14.0,549.0,0.0,7.0,0.0,5.0,5.0,9.0,4.0,5.0,0.0,0.0,593.0,0.0,23.0,5.0,16.0,4.0,18.0,19.0,38.0,9.0,1.0,466.0,5.0,6.0,3.0,0.0,9.0,43.0,12.0,1.0,25.0,9.0,507.0
86,70.109375,1.6653843153024361,134.0,0.9434571890145396,0.9497716894977168,0.16666666666666666,0.16666666666666666,0.0,0.0,0.16981132075471697,0.13733998698199176,0.4,0.0,0.9344,0.9497716894977168,0.005199306759098787,0.0031496062992125984,0.0,0.0,0.015,0.9829192546583851,0.020654044750430294,0.0,584.0,0.0,2.0,1.0,0.0,0.0,15.0,23.0,0.0,0.0,0.0,624.0,0.0,0.0,0.0,0.0,0.0,22.0,11.0,0.0,9.0,9.0,3.0,2.0,0.0,1.0,12.0,539.0,2.0,0.0,1.0,0.0,1.0,2.0,0.0,1.0,4.0,624.0,2.0,0.0,1.0,2.0,1.0,0.0,0.0,0.0,2.0,569.0,0.0,0.0,4.0,0.0,0.0,1.0,0.0,0.0,4.0,482.0,0.0,0.0,14.0,1.0,8.0,4.0,0.0,0.0,9.0,564.0,0.0,0.0,2.0,2.0,1.0,0.0,0.0,0.0,4.0,633.0,2.0,0.0,2.0,15.0,2.0,2.0,0.0,0.0,3.0,545.0,12.0,0.0,2.0,4.0,0.0,0.0,0.0,0.0,0.0,608.0,1.0,0.0
87,73.71875,0.07045387118558545,140.0,0.9577235772357724,0.9551569506726457,0.8428805237315876,0.8766025641025641,0.9196428571428571,0.9039665970772442,0.9331103678929766,0.9151515151515152,0.8733108108108109,0.8986486486486487,0.9424,0.9726027397260274,0.8925476603119584,0.8614173228346457,0.8956521739130435,0.8818737270875764,0.93,0.937888198757764,0.8898450946643718,0.865040650406504,589.0,0.0,15.0,3.0,1.0,5.0,4.0,5.0,3.0,0.0,0.0,639.0,5.0,4.0,1.0,1.0,0.0,4.0,1.0,2.0,3.0,8.0,515.0,16.0,3.0,2.0,7.0,5.0,17.0,1.0,2.0,3.0,26.0,547.0,1.0,21.0,1.0,5.0,21.0,8.0,3.0,2.0,8.0,3.0,515.0,0.0,5.0,6.0,5.0,28.0,5.0,3.0,4.0,24.0,0.0,433.0,13.0,2.0,3.0,4.0,4.0,1.0,8.0,0.0,8.0,6.0,558.0,0.0,14.0,1.0,0.0,7.0,9.0,6.0,6.0,1.0,0.0,604.0,3.0,8.0,4.0,4.0,14.0,9.0,6.0,7.0,9.0,3.0,517.0,8.0,5.0,2.0,7.0,12.0,19.0,3.0,1.0,26.0,8.0,532.0
88,8.640625,1.9936781555167469,16.0,0.875,0.9243085880640466,0.0,0.11979560938682816,0.0,0.0,0.0,0.0,0.17647058823529413,0.0,0.0112,0.9665144596651446,0.0,0.9968503937007874,0.0,0.0,0.0,0.0,0.0051635111876075735,0.0,7.0,0.0,0.0,618.0,0.0,0.0,0.0,0.0,0.0,0.0,0.0,635.0,0.0,18.0,0.0,0.0,1.0,0.0,3.0,0.0,0.0,11.0,0.0,560.0,0.0,0.0,0.0,0.0,6.0,0.0,0.0,2.0,0.0,633.0,0.0,0.0,0.0,0.0,0.0,0.0,0.0,5.0,0.0,569.0,0.0,0.0,0.0,0.0,1.0,0.0,0.0,3.0,0.0,487.0,0.0,0.0,0.0,0.0,1.0,0.0,0.0,2.0,0.0,597.0,0.0,0.0,0.0,0.0,1.0,0.0,0.0,5.0,0.0,635.0,0.0,0.0,2.0,0.0,2.0,0.0,0.0,18.0,0.0,559.0,0.0,0.0,1.0,0.0,3.0,0.0,1.0,6.0,0.0,608.0,0.0,0.0,0.0,0.0,0.0,0.0
89,55.828125,1.95327545639146,105.0,0.0,0.9415292353823088,0.5,0.0,0.0,0.0,0.0,0.12029506336296576,0.29545454545454547,0.0,0.0,0.9558599695585996,0.0017331022530329288,0.0,0.0,0.0,0.0,0.9875776397515528,0.022375215146299483,0.0,0.0,0.0,0.0,0.0,0.0,0.0,0.0,625.0,0.0,0.0,0.0,628.0,0.0,0.0,0.0,0.0,0.0,17.0,12.0,0.0,0.0,6.0,1.0,0.0,0.0,0.0,0.0,564.0,6.0,0.0,0.0,3.0,0.0,0.0,0.0,0.0,0.0,627.0,5.0,0.0,0.0,2.0,1.0,0.0,0.0,0.0,0.0,571.0,1.0,0.0,0.0,1.0,0.0,0.0,0.0,0.0,0.0,490.0,0.0,0.0,0.0,1.0,0.0,0.0,0.0,0.0,0.0,599.0,0.0,0.0,0.0,3.0,0.0,0.0,0.0,0.0,0.0,636.0,5.0,0.0,0.0,19.0,0.0,0.0,0.0,0.0,0.0,549.0,13.0,0.0,0.0,4.0,0.0,0.0,0.0,0.0,0.0,609.0,2.0,0.0
90,69.90625,0.09233221182935811,136.0,0.9532258064516129,0.9667673716012085,0.8633217993079585,0.8803986710963455,0.8795180722891566,0.8577494692144374,0.9278688524590164,0.9323899371069182,0.838655462184874,0.8217054263565892,0.9456,0.974124809741248,0.8648180242634316,0.8346456692913385,0.888695652173913,0.8228105906313645,0.9433333333333334,0.9208074534161491,0.8588640275387264,0.8617886178861789,591.0,0.0,4.0,4.0,3.0,6.0,6.0,2.0,4.0,5.0,0.0,640.0,3.0,3.0,0.0,2.0,0.0,3.0,5.0,1.0,4.0,7.0,499.0,19.0,5.0,6.0,14.0,6.0,13.0,4.0,4.0,5.0,19.0,530.0,4.0,26.0,1.0,10.0,16.0,20.0,1.0,1.0,6.0,1.0,511.0,2.0,10.0,0.0,6.0,37.0,6.0,0.0,7.0,20.0,6.0,404.0,5.0,1.0,31.0,11.0,3.0,1.0,9.0,0.0,4.0,4.0,566.0,0.0,10.0,3.0,1.0,2.0,9.0,6.0,4.0,0.0,0.0,593.0,4.0,25.0,5.0,2.0,21.0,10.0,11.0,15.0,7.0,2.0,499.0,9.0,5.0,4.0,1.0,9.0,33.0,6.0,1.0,19.0,7.0,530.0
91,54.46875,0.12714156571349908,104.0,0.9548387096774194,0.9801223241590215,0.8835616438356164,0.9107142857142857,0.9181494661921709,0.78,0.9331103678929766,0.9381761978361669,0.8252427184466019,0.8698517298187809,0.9472,0.9756468797564688,0.8942807625649913,0.8031496062992126,0.8973913043478261,0.8737270875763747,0.93,0.9425465838509317,0.8777969018932874,0.8585365853658536,592.0,0.0,2.0,4.0,7.0,10.0,4.0,0.0,4.0,2.0,0.0,641.0,4.0,0.0,1.0,2.0,0.0,4.0,4.0,1.0,1.0,3.0,516.0,9.0,8.0,4.0,15.0,5.0,16.0,0.0,1.0,1.0,20.0,510.0,0.0,53.0,2.0,9.0,24.0,15.0,0.0,2.0,8.0,1.0,516.0,6.0,5.0,3.0,4.0,30.0,9.0,1.0,5.0,12.0,2.0,429.0,6.0,1.0,22.0,4.0,3.0,0.0,12.0,0.0,4.0,13.0,558.0,0.0,10.0,0.0,1.0,1.0,11.0,5.0,3.0,1.0,0.0,607.0,4.0,11.0,4.0,3.0,5.0,6.0,4.0,24.0,8.0,1.0,510.0,16.0,9.0,2.0,1.0,13.0,17.0,8.0,0.0,17.0,20.0,528.0
92,128.828125,0.5283508996893258,240.0,0.8571428571428571,0.9706336939721792,0.613941018766756,0.7710622710622711,0.8087719298245614,0.7542857142857143,0.8148788927335641,0.9506398537477148,0.6036308623298033,0.6960526315789474,0.816,0.9558599695585996,0.7937608318890814,0.662992125984252,0.8017391304347826,0.5376782077393075,0.785,0.8074534161490683,0.6867469879518072,0.8601626016260162,510.0,0.0,94.0,9.0,0.0,0.0,1.0,2.0,8.0,1.0,1.0,628.0,3.0,2.0,2.0,1.0,5.0,2.0,8.0,5.0,35.0,6.0,458.0,6.0,14.0,1.0,34.0,1.0,18.0,4.0,23.0,0.0,22.0,421.0,6.0,50.0,2.0,12.0,76.0,23.0,0.0,1.0,13.0,0.0,461.0,1.0,9.0,0.0,5.0,85.0,11.0,0.0,18.0,79.0,7.0,264.0,2.0,0.0,103.0,7.0,0.0,1.0,82.0,0.0,9.0,0.0,471.0,0.0,37.0,0.0,3.0,0.0,9.0,1.0,11.0,0.0,1.0,520.0,1.0,98.0,10.0,8.0,38.0,16.0,21.0,28.0,52.0,1.0,399.0,8.0,2.0,3.0,9.0,12.0,39.0,5.0,1.0,9.0,6.0,529.0
93,74.921875,1.6466961364085146,145.0,0.0,0.48657187993680884,0.3670103092783505,0.0,0.0,0.28,0.21951219512195122,0.20343550016840686,0.35008665511265163,0.0,0.0,0.9375951293759512,0.6169844020797227,0.0,0.0,0.09979633401221996,0.015,0.937888198757764,0.3476764199655766,0.0,0.0,77.0,1.0,0.0,0.0,0.0,7.0,528.0,12.0,0.0,0.0,616.0,4.0,0.0,0.0,4.0,3.0,13.0,17.0,0.0,0.0,61.0,356.0,0.0,0.0,35.0,6.0,48.0,71.0,0.0,0.0,66.0,389.0,0.0,0.0,48.0,0.0,26.0,106.0,0.0,0.0,16.0,0.0,0.0,0.0,0.0,1.0,557.0,1.0,0.0,0.0,124.0,121.0,0.0,1.0,49.0,5.0,49.0,142.0,0.0,0.0,71.0,2.0,0.0,0.0,0.0,9.0,500.0,18.0,0.0,0.0,30.0,2.0,0.0,0.0,1.0,4.0,604.0,2.0,1.0,0.0,187.0,94.0,0.0,0.0,38.0,4.0,56.0,202.0,0.0,0.0,18.0,1.0,0.0,0.0,0.0,2.0,588.0,6.0,0.0
94,77.484375,0.2891108278899082,146.0,0.9396825396825397,0.978494623655914,0.6038882138517618,0.8032786885245902,0.8701754385964913,0.8026905829596412,0.935042735042735,0.9153605015673981,0.6428571428571429,0.8672413793103448,0.9472,0.969558599695586,0.8613518197573656,0.8488188976377953,0.8626086956521739,0.7291242362525459,0.9116666666666666,0.906832298136646,0.44922547332185886,0.8178861788617886,592.0,0.0,12.0,3.0,0.0,8.0,4.0,1.0,5.0,0.0,1.0,637.0,0.0,3.0,2.0,1.0,0.0,1.0,8.0,4.0,5.0,2.0,497.0,11.0,2.0,7.0,5.0,4.0,42.0,2.0,0.0,2.0,30.0,539.0,0.0,25.0,0.0,16.0,15.0,8.0,1.0,0.0,7.0,2.0,496.0,7.0,3.0,2.0,27.0,30.0,10.0,1.0,5.0,64.0,8.0,358.0,17.0,1.0,23.0,4.0,3.0,1.0,24.0,1.0,0.0,7.0,547.0,2.0,14.0,1.0,3.0,2.0,16.0,7.0,2.0,1.0,1.0,584.0,4.0,24.0,10.0,4.0,226.0,27.0,15.0,24.0,8.0,2.0,261.0,4.0,5.0,2.0,6.0,14.0,45.0,8.0,0.0,25.0,7.0,503.0
95,11.09375,2.301193432244313,20.0,0.0,0.10951825304217369,0.0,0.0,0.0,0.0,0.0,0.0,0.0,0.0,0.0,1.0,0.0,0.0,0.0,0.0,0.0,0.0,0.0,0.0,0.0,625.0,0.0,0.0,0.0,0.0,0.0,0.0,0.0,0.0,0.0,657.0,0.0,0.0,0.0,0.0,0.0,0.0,0.0,0.0,0.0,577.0,0.0,0.0,0.0,0.0,0.0,0.0,0.0,0.0,0.0,635.0,0.0,0.0,0.0,0.0,0.0,0.0,0.0,0.0,0.0,575.0,0.0,0.0,0.0,0.0,0.0,0.0,0.0,0.0,0.0,490.0,0.0,1.0,0.0,0.0,0.0,0.0,0.0,0.0,0.0,600.0,0.0,0.0,0.0,0.0,0.0,0.0,0.0,0.0,0.0,644.0,0.0,0.0,0.0,0.0,0.0,0.0,0.0,0.0,0.0,581.0,0.0,0.0,0.0,0.0,0.0,0.0,0.0,0.0,0.0,615.0,0.0,0.0,0.0,0.0,0.0,0.0,0.0,0.0
96,135.6875,0.41836299971314067,258.0,0.8961832061068702,0.9260935143288085,0.7312977099236642,0.8480565371024735,0.8135313531353136,0.6195121951219512,0.8553259141494436,0.889739663093415,0.7803030303030303,0.8202846975088968,0.9392,0.9345509893455098,0.830155979202773,0.7559055118110236,0.8573913043478261,0.7759674134419552,0.8966666666666666,0.9021739130434783,0.53184165232358,0.7495934959349594,587.0,0.0,6.0,3.0,1.0,11.0,11.0,4.0,0.0,2.0,1.0,614.0,22.0,3.0,2.0,2.0,0.0,5.0,8.0,0.0,29.0,12.0,479.0,7.0,6.0,5.0,21.0,5.0,11.0,2.0,1.0,8.0,44.0,480.0,1.0,52.0,2.0,17.0,23.0,7.0,2.0,4.0,3.0,0.0,493.0,5.0,23.0,5.0,1.0,39.0,13.0,3.0,14.0,15.0,4.0,381.0,10.0,0.0,35.0,16.0,7.0,1.0,27.0,0.0,16.0,3.0,538.0,0.0,8.0,0.0,1.0,3.0,13.0,3.0,12.0,2.0,1.0,581.0,1.0,27.0,6.0,17.0,46.0,46.0,9.0,125.0,14.0,1.0,309.0,8.0,8.0,1.0,1.0,9.0,62.0,29.0,9.0,35.0,0.0,461.0
97,98.578125,1.1415488230123667,185.0,0.9166666666666666,0.265262252794497,0.0,0.3877551020408163,0.8047138047138047,0.2919563058589871,0.7276478679504814,0.8918083462132921,0.2,0.8213660245183888,0.0176,0.939117199391172,0.0,0.029921259842519685,0.831304347826087,0.5987780040733197,0.8816666666666667,0.8959627329192547,0.022375215146299483,0.7626016260162601,11.0,532.0,0.0,1.0,0.0,71.0,5.0,0.0,4.0,1.0,0.0,617.0,0.0,3.0,1.0,27.0,1.0,1.0,6.0,1.0,0.0,421.0,0.0,11.0,3.0,105.0,19.0,5.0,8.0,5.0,0.0,529.0,1.0,19.0,4.0,47.0,2.0,23.0,6.0,4.0,0.0,2.0,0.0,0.0,478.0,14.0,23.0,0.0,8.0,50.0,1.0,111.0,0.0,1.0,9.0,294.0,59.0,2.0,12.0,2.0,0.0,6.0,0.0,0.0,5.0,57.0,529.0,0.0,3.0,0.0,0.0,9.0,0.0,12.0,8.0,3.0,0.0,577.0,0.0,35.0,0.0,87.0,1.0,1.0,14.0,374.0,87.0,0.0,13.0,4.0,0.0,12.0,0.0,1.0,72.0,15.0,2.0,39.0,5.0,469.0
98,35.625,1.3931211675726574,68.0,0.9557377049180328,0.9631901840490797,0.35,0.0,0.3684210526315789,0.0,0.9312080536912751,0.15688743389574414,0.2833333333333333,0.0,0.9328,0.9558599695585996,0.04852686308492201,0.0,0.01217391304347826,0.0,0.925,0.967391304347826,0.029259896729776247,0.0,583.0,0.0,10.0,0.0,0.0,0.0,6.0,26.0,0.0,0.0,0.0,628.0,3.0,0.0,0.0,0.0,1.0,14.0,11.0,0.0,9.0,8.0,28.0,0.0,3.0,2.0,5.0,513.0,9.0,0.0,2.0,0.0,5.0,0.0,0.0,1.0,0.0,619.0,8.0,0.0,1.0,0.0,6.0,0.0,7.0,5.0,17.0,538.0,1.0,0.0,5.0,0.0,5.0,0.0,3.0,0.0,11.0,466.0,1.0,0.0,2.0,1.0,4.0,0.0,4.0,0.0,555.0,34.0,0.0,0.0,3.0,2.0,4.0,0.0,1.0,1.0,0.0,623.0,10.0,0.0,3.0,10.0,11.0,0.0,1.0,1.0,0.0,538.0,17.0,0.0,2.0,3.0,4.0,0.0,0.0,2.0,1.0,600.0,3.0,0.0
99,94.078125,0.6213922585611111,183.0,0.8747967479674796,0.9227202472952086,0.75,0.7761467889908257,0.6900420757363254,0.5640138408304498,0.7323568575233023,0.8524590163934426,0.5431034482758621,0.8689024390243902,0.8608,0.908675799086758,0.7435008665511266,0.6661417322834645,0.8556521739130435,0.6639511201629328,0.9166666666666666,0.8881987577639752,0.5421686746987951,0.4634146341463415,538.0,0.0,0.0,10.0,2.0,68.0,3.0,0.0,4.0,0.0,0.0,597.0,30.0,1.0,1.0,2.0,2.0,2.0,22.0,0.0,4.0,9.0,429.0,35.0,2.0,5.0,34.0,1.0,57.0,1.0,12.0,6.0,64.0,423.0,1.0,46.0,3.0,20.0,57.0,3.0,0.0,1.0,1.0,0.0,492.0,7.0,39.0,0.0,16.0,19.0,45.0,1.0,5.0,37.0,4.0,326.0,19.0,0.0,53.0,1.0,1.0,0.0,6.0,0.0,5.0,16.0,550.0,0.0,22.0,0.0,0.0,22.0,3.0,2.0,7.0,10.0,1.0,572.0,12.0,15.0,11.0,8.0,34.0,35.0,10.0,75.0,87.0,2.0,315.0,4.0,4.0,3.0,0.0,2.0,189.0,23.0,13.0,74.0,22.0,285.0
