,Name,train time [s],layers,loss val,iters,Class_0_precs,Class_1_precs,Class_2_precs,Class_3_precs,Class_4_precs,Class_5_precs,Class_6_precs,Class_7_precs,Class_8_precs,Class_9_precs,Class_0_recall,Class_1_recall,Class_2_recall,Class_3_recall,Class_4_recall,Class_5_recall,Class_6_recall,Class_7_recall,Class_8_recall,Class_9_recall,Confmat_0,Confmat_1,Confmat_2,Confmat_3,Confmat_4,Confmat_5,Confmat_6,Confmat_7,Confmat_8,Confmat_9,Confmat_10,Confmat_11,Confmat_12,Confmat_13,Confmat_14,Confmat_15,Confmat_16,Confmat_17,Confmat_18,Confmat_19,Confmat_20,Confmat_21,Confmat_22,Confmat_23,Confmat_24,Confmat_25,Confmat_26,Confmat_27,Confmat_28,Confmat_29,Confmat_30,Confmat_31,Confmat_32,Confmat_33,Confmat_34,Confmat_35,Confmat_36,Confmat_37,Confmat_38,Confmat_39,Confmat_40,Confmat_41,Confmat_42,Confmat_43,Confmat_44,Confmat_45,Confmat_46,Confmat_47,Confmat_48,Confmat_49,Confmat_50,Confmat_51,Confmat_52,Confmat_53,Confmat_54,Confmat_55,Confmat_56,Confmat_57,Confmat_58,Confmat_59,Confmat_60,Confmat_61,Confmat_62,Confmat_63,Confmat_64,Confmat_65,Confmat_66,Confmat_67,Confmat_68,Confmat_69,Confmat_70,Confmat_71,Confmat_72,Confmat_73,Confmat_74,Confmat_75,Confmat_76,Confmat_77,Confmat_78,Confmat_79,Confmat_80,Confmat_81,Confmat_82,Confmat_83,Confmat_84,Confmat_85,Confmat_86,Confmat_87,Confmat_88,Confmat_89,Confmat_90,Confmat_91,Confmat_92,Confmat_93,Confmat_94,Confmat_95,Confmat_96,Confmat_97,Confmat_98,Confmat_99
0,Control_v1_0,25.890625,(),inf,187,0.961864407,0.902027027,0.791919192,0.796703297,0.864919355,0.831140351,0.901878914,0.875464684,0.785087719,0.865957447,0.917171717,0.948490231,0.832271762,0.843023256,0.879098361,0.832967033,0.907563025,0.900573614,0.733606557,0.775238095,454,0,19,3,1,5,5,3,5,0,0,534,10,3,2,2,0,2,10,0,1,12,392,15,4,5,6,14,21,1,2,5,30,435,2,17,5,4,13,3,0,6,5,1,429,1,15,7,8,16,5,8,7,21,1,379,14,0,17,3,5,1,14,0,6,7,432,1,9,1,1,1,8,9,4,1,0,471,4,24,1,20,8,50,5,22,2,7,358,15,3,5,2,9,42,17,0,29,11,407
1,Control_v1_1,25.515625,(),inf,181,0.948770492,0.921052632,0.791748527,0.818181818,0.919512195,0.81663113,0.893877551,0.873605948,0.771134021,0.824427481,0.935353535,0.93250444,0.855626327,0.819767442,0.772540984,0.841758242,0.920168067,0.898661568,0.766393443,0.822857143,463,0,14,1,0,5,5,3,4,0,0,525,19,2,1,2,1,1,12,0,3,9,403,14,2,5,5,10,19,1,2,6,27,423,1,20,6,5,21,5,2,6,6,0,377,5,17,10,13,52,7,7,4,18,0,383,16,0,19,1,3,1,12,0,7,6,438,1,8,0,1,1,13,12,5,0,0,470,3,18,2,11,9,37,4,28,2,6,374,15,5,4,2,10,13,15,0,32,12,432
2,Control_v1_2,30.46875,(),inf,215,0.939148073,0.915682968,0.851351351,0.833333333,0.828244275,0.861176471,0.891348089,0.884393064,0.733459357,0.834728033,0.935353535,0.964476021,0.802547771,0.804263566,0.889344262,0.804395604,0.930672269,0.877629063,0.795081967,0.76,463,0,9,1,1,4,5,3,9,0,0,543,7,1,1,1,1,1,8,0,5,15,378,15,3,3,8,11,31,2,4,8,23,415,2,19,7,6,25,7,0,4,3,0,434,0,15,5,8,19,5,7,4,18,4,366,16,1,30,4,6,1,4,0,7,6,443,1,8,0,2,2,8,10,5,0,0,459,6,31,1,10,7,32,9,18,2,5,388,16,7,3,1,6,58,8,0,27,16,399
3,Control_v1_3,28.28125,(),inf,201,0.956340956,0.927927928,0.811594203,0.828220859,0.911308204,0.893129771,0.891129032,0.91440501,0.691001698,0.792808219,0.929292929,0.914742451,0.832271762,0.784883721,0.842213115,0.771428571,0.928571429,0.837476099,0.834016393,0.881904762,460,0,8,1,1,2,5,3,15,0,0,515,21,1,1,1,1,3,20,0,4,11,392,10,4,3,7,11,27,2,2,6,33,405,1,13,5,6,37,8,0,5,4,0,411,1,17,2,11,37,6,8,4,25,2,351,17,1,39,2,3,1,4,0,7,6,442,1,11,1,1,1,8,11,3,0,0,438,8,53,1,5,8,27,4,12,2,4,407,18,4,3,1,9,17,4,0,10,14,463
4,Control_v1_4,25.953125,(),5.090024554,177,0.91913215,0.909401709,0.852017937,0.806754221,0.867924528,0.922222222,0.87254902,0.897142857,0.708791209,0.837573386,0.941414141,0.944937833,0.806794055,0.833333333,0.848360656,0.72967033,0.93487395,0.900573614,0.793032787,0.815238095,466,0,11,1,1,1,6,2,7,0,1,532,10,3,2,0,1,1,13,0,7,14,380,10,2,3,8,14,31,2,2,8,19,430,1,12,4,5,27,8,3,5,5,1,414,0,20,5,12,23,10,8,3,31,2,332,22,1,41,5,5,1,7,0,6,1,445,1,10,0,2,1,4,7,5,0,0,471,6,27,4,11,6,40,7,8,3,4,387,18,7,5,1,10,37,3,1,21,12,428
5,Control_v1_5,25.984375,(),inf,183,0.958506224,0.91826087,0.78627451,0.827655311,0.911894273,0.886699507,0.899590164,0.903543307,0.736448598,0.828729282,0.933333333,0.937833037,0.851380042,0.800387597,0.848360656,0.791208791,0.922268908,0.877629063,0.807377049,0.857142857,462,0,17,1,1,2,5,3,4,0,0,528,19,1,1,1,1,1,11,0,2,9,401,13,3,3,5,11,22,2,2,8,29,413,0,15,4,5,32,8,1,6,6,0,414,0,16,5,10,30,6,7,4,24,0,360,16,1,34,3,2,1,12,0,7,5,439,1,8,1,1,1,10,6,4,0,0,459,5,37,3,11,10,33,4,13,2,6,394,12,3,4,2,8,20,7,0,16,15,450
6,Control_v1_6,27.328125,(),inf,198,0.967532468,0.914930556,0.766990291,0.816367265,0.9004329,0.818181818,0.885311871,0.852517986,0.79006772,0.823193916,0.903030303,0.936056838,0.838641189,0.792635659,0.852459016,0.830769231,0.924369748,0.906309751,0.717213115,0.824761905,447,0,19,1,0,11,5,5,6,1,0,527,18,1,1,1,1,3,11,0,3,10,395,13,4,7,6,13,18,2,2,8,34,409,1,21,7,7,20,7,0,5,4,1,416,1,17,8,4,32,4,8,4,21,0,378,20,1,18,1,1,1,11,0,7,7,440,2,5,2,1,1,10,8,3,0,0,474,3,23,1,13,18,39,6,26,1,9,350,25,3,3,2,8,24,10,0,34,8,433
7,Control_v1_7,28.734375,(),inf,199,0.953878407,0.898502496,0.817409766,0.8492569,0.87063655,0.822510823,0.892215569,0.88657845,0.796338673,0.780141844,0.919191919,0.959147425,0.817409766,0.775193798,0.868852459,0.835164835,0.93907563,0.896749522,0.713114754,0.838095238,455,0,18,1,1,6,6,3,5,0,0,540,9,2,1,1,1,1,8,0,4,15,385,12,4,6,7,17,19,2,2,8,27,400,2,26,5,8,18,20,0,4,3,0,424,1,17,5,5,29,7,7,5,15,1,380,16,0,17,7,2,1,6,0,7,6,447,1,6,0,1,1,7,6,4,0,0,469,4,31,2,22,9,27,7,30,2,6,348,35,4,3,2,8,36,6,0,19,7,440
8,Control_v1_8,27.46875,(),inf,192,0.960251046,0.913117547,0.826180258,0.881118881,0.812154696,0.858851675,0.900826446,0.818791946,0.718637993,0.859410431,0.927272727,0.952042629,0.817409766,0.73255814,0.903688525,0.789010989,0.915966387,0.933078394,0.821721311,0.721904762,459,0,11,1,2,3,5,4,10,0,0,536,9,1,1,2,1,1,12,0,3,12,385,6,6,4,7,19,28,1,2,8,36,378,2,22,5,13,36,14,0,5,2,0,441,0,13,3,8,16,6,8,3,16,6,359,15,2,34,6,4,1,7,0,8,6,436,1,12,1,1,1,4,2,7,0,0,488,7,13,1,12,6,19,9,17,2,10,401,11,2,4,3,6,61,5,0,55,10,379
9,Control_v1_9,27.875,(),inf,196,0.950617284,0.905172414,0.77254902,0.781716418,0.828571429,0.8925,0.894093686,0.840277778,0.770065076,0.864367816,0.933333333,0.93250444,0.836518047,0.812015504,0.891393443,0.784615385,0.922268908,0.92543021,0.727459016,0.716190476,462,0,16,1,1,3,5,3,4,0,0,525,21,1,2,1,1,3,9,0,5,10,394,12,5,3,7,13,20,2,2,8,36,419,2,13,5,9,15,7,1,5,3,1,435,0,14,3,9,17,7,8,4,34,2,357,17,1,22,3,3,1,11,0,8,4,439,1,8,1,1,1,6,6,6,0,0,484,6,13,1,16,17,49,7,15,3,9,355,16,4,6,2,13,57,4,0,50,13,376
10,Control_v1_10,24.8125,(),inf,173,0.937246964,0.911764706,0.790836653,0.845010616,0.891489362,0.84009009,0.878727634,0.900970874,0.788065844,0.823091248,0.935353535,0.936056838,0.842887473,0.771317829,0.858606557,0.81978022,0.928571429,0.887189293,0.784836066,0.841904762,463,0,16,1,1,4,5,2,3,0,0,527,16,1,2,3,1,2,11,0,4,12,397,11,4,3,7,12,19,2,4,7,36,398,2,21,7,8,24,9,2,5,4,0,419,0,19,3,6,30,6,7,5,16,2,373,19,1,22,4,5,1,10,0,7,5,442,1,4,1,2,1,10,7,4,0,0,464,3,32,3,13,7,29,6,22,3,5,383,17,5,5,1,8,23,13,0,17,11,442
11,Control_v1_11,25.265625,(),inf,180,0.960084034,0.902229846,0.812371134,0.794339623,0.827852998,0.81277533,0.873294347,0.859744991,0.765086207,0.883449883,0.923232323,0.934280639,0.836518047,0.815891473,0.87704918,0.810989011,0.941176471,0.90248566,0.727459016,0.721904762,457,0,12,2,1,6,7,4,6,0,0,526,17,2,1,2,1,4,10,0,2,12,394,11,3,7,8,11,21,2,2,8,29,421,2,19,6,5,20,4,0,6,4,1,428,1,17,7,9,15,6,7,2,26,1,369,21,1,20,2,2,1,4,0,6,6,448,1,8,0,1,1,11,9,6,0,0,472,3,20,1,17,10,46,7,33,5,7,355,7,5,5,2,12,62,11,0,37,12,379
12,Control_v1_12,23.53125,(),inf,165,0.946391753,0.931777379,0.813664596,0.842767296,0.913043478,0.921965318,0.861538462,0.91372549,0.663974152,0.809187279,0.927272727,0.921847247,0.834394904,0.779069767,0.817622951,0.701098901,0.941176471,0.891013384,0.842213115,0.872380952,459,0,12,1,1,1,6,3,12,0,0,519,17,1,1,0,2,2,21,0,4,12,393,9,4,3,6,11,27,2,3,7,22,402,1,12,5,4,48,12,0,4,6,0,399,0,21,3,14,41,6,6,6,26,2,319,27,2,57,4,6,1,8,0,5,0,448,1,7,0,2,1,9,4,3,0,0,466,6,32,1,4,8,26,3,9,4,5,411,17,4,3,2,8,18,2,1,13,16,458
13,Control_v1_13,29.09375,(),inf,205,0.947368421,0.890728477,0.798370672,0.814531549,0.836158192,0.818574514,0.895705521,0.874538745,0.80620155,0.852941176,0.945454545,0.955595027,0.832271762,0.825581395,0.909836066,0.832967033,0.920168067,0.906309751,0.639344262,0.773333333,468,0,11,2,1,2,5,4,2,0,0,538,11,3,2,2,1,1,5,0,5,13,392,13,5,5,6,13,17,2,2,8,27,426,2,18,6,6,14,7,0,5,3,0,444,1,13,4,4,14,6,7,3,19,1,379,17,1,18,4,3,1,10,1,10,7,438,1,5,0,1,2,10,7,5,0,0,474,2,22,4,25,21,44,10,40,3,8,312,21,5,5,3,8,51,9,0,30,8,406
14,Control_v1_14,28.328125,(),inf,202,0.953974895,0.923351159,0.78125,0.875283447,0.8891258,0.856164384,0.892494929,0.863554758,0.761341223,0.810661765,0.921212121,0.920071048,0.8492569,0.748062016,0.854508197,0.824175824,0.924369748,0.919694073,0.790983607,0.84,456,0,17,1,1,4,6,4,6,0,0,518,18,1,1,2,1,3,19,0,3,10,400,6,5,3,6,15,21,2,2,7,42,386,2,20,7,12,20,18,1,4,3,0,417,0,16,6,8,33,6,7,4,16,2,375,15,2,25,3,5,1,7,0,7,6,440,1,8,1,1,1,9,3,3,0,0,481,5,20,1,9,11,23,5,19,2,6,386,26,3,4,1,5,26,9,0,27,9,441
15,Control_v1_15,28.890625,(),inf,202,0.937625755,0.915224913,0.784860558,0.78597786,0.900862069,0.920765027,0.886227545,0.907869482,0.798226164,0.795847751,0.941414141,0.939609236,0.836518047,0.825581395,0.856557377,0.740659341,0.932773109,0.904397706,0.737704918,0.876190476,466,0,17,2,0,1,6,2,1,0,0,529,15,2,1,1,0,3,12,0,3,12,394,13,3,3,9,12,19,3,3,7,34,426,1,10,5,6,11,13,1,4,4,0,418,0,16,5,4,36,9,8,7,38,3,337,18,1,28,6,6,1,9,0,6,2,444,1,6,1,1,1,8,6,4,0,0,473,3,27,4,13,11,46,6,10,3,3,360,32,4,3,3,9,22,2,0,15,7,460
16,Control_v1_16,28.65625,(),inf,205,0.944897959,0.895973154,0.803643725,0.801869159,0.874476987,0.841986456,0.897750511,0.882899628,0.832061069,0.803308824,0.935353535,0.948490231,0.842887473,0.831395349,0.856557377,0.81978022,0.922268908,0.908221797,0.670081967,0.832380952,463,0,15,2,1,4,5,4,1,0,0,534,11,2,2,2,1,1,10,0,4,12,397,10,3,3,7,13,19,3,2,7,29,429,1,18,4,6,11,9,0,5,4,1,418,0,17,3,4,36,8,7,3,33,2,373,15,2,9,3,6,1,9,0,7,6,439,2,5,1,1,1,10,6,4,0,0,475,3,23,3,23,14,42,6,33,1,7,327,32,3,6,2,10,34,4,0,25,4,437
17,Control_v1_17,28.625,(),inf,197,0.938900204,0.917688266,0.761538462,0.828402367,0.876569038,0.834080717,0.875739645,0.865313653,0.804245283,0.819066148,0.931313131,0.930728242,0.840764331,0.813953488,0.858606557,0.817582418,0.932773109,0.896749522,0.698770492,0.801904762,461,0,17,1,1,2,6,3,4,0,0,524,20,1,2,1,1,1,13,0,4,11,396,11,4,4,8,12,19,2,2,6,35,420,1,19,8,6,12,7,1,6,7,1,419,1,16,6,6,25,8,7,5,21,2,372,21,3,12,4,5,1,7,0,7,5,444,1,6,0,2,1,12,8,3,0,0,469,2,26,4,11,19,36,5,31,3,9,341,29,4,4,2,8,34,11,0,32,9,421
18,Control_v1_18,30.40625,(),4.374750906,214,0.952479339,0.900169205,0.773879142,0.83503055,0.868154158,0.866197183,0.897540984,0.889534884,0.778021978,0.79558011,0.931313131,0.944937833,0.842887473,0.794573643,0.87704918,0.810989011,0.920168067,0.877629063,0.725409836,0.822857143,461,0,16,2,1,3,6,3,3,0,0,532,18,1,2,0,2,1,7,0,3,12,397,11,5,3,7,11,20,2,2,8,31,410,2,15,6,7,22,13,0,5,4,0,428,0,13,3,8,27,7,9,6,19,2,369,15,3,19,6,5,1,9,0,8,6,438,1,7,1,1,1,10,6,3,0,0,459,5,38,2,20,20,35,4,23,1,5,354,24,3,3,2,7,38,7,0,23,10,432
19,Control_v1_19,30.671875,(),inf,220,0.948559671,0.901993355,0.824786325,0.785321101,0.900226757,0.856132075,0.870841487,0.885931559,0.786542923,0.795053004,0.931313131,0.964476021,0.819532909,0.829457364,0.81352459,0.797802198,0.93487395,0.891013384,0.694672131,0.857142857,461,0,14,2,1,3,6,3,5,0,0,543,6,2,2,2,1,1,6,0,4,13,386,16,3,4,8,13,22,2,2,8,25,428,1,17,6,8,12,9,1,4,6,0,397,1,20,4,8,47,6,7,4,29,1,363,20,1,21,3,5,1,5,0,6,6,445,1,6,1,1,1,8,9,4,0,0,466,4,30,1,20,12,49,7,24,5,7,339,24,5,5,2,10,19,4,0,22,8,450
20,Control_v1_20,29.953125,(),inf,211,0.96359743,0.914782609,0.78243513,0.789868668,0.90625,0.8647343,0.850187266,0.854609929,0.764705882,0.846311475,0.909090909,0.934280639,0.832271762,0.815891473,0.831967213,0.786813187,0.953781513,0.921606119,0.745901639,0.786666667,450,0,18,1,0,4,9,3,10,0,0,526,18,1,2,0,2,2,12,0,2,10,392,16,3,3,8,15,20,2,2,7,31,421,1,14,8,6,21,5,1,5,6,2,406,1,24,6,8,29,5,7,5,30,0,358,24,1,23,2,0,1,9,0,5,1,454,1,5,0,1,2,8,3,3,0,0,482,3,21,2,12,12,43,6,21,4,8,364,16,4,5,2,16,22,12,1,40,10,413
21,Control_v1_21,24.890625,(),inf,176,0.956431535,0.933810376,0.812889813,0.824701195,0.897321429,0.871428571,0.888211382,0.878957169,0.776397516,0.770134228,0.931313131,0.927175844,0.83014862,0.802325581,0.823770492,0.804395604,0.918067227,0.90248566,0.768442623,0.874285714,461,0,11,1,1,5,5,4,7,0,0,522,19,2,1,1,1,1,16,0,2,8,391,14,4,4,6,16,24,2,2,6,26,414,2,15,5,7,19,20,1,4,4,0,402,0,15,8,7,47,7,7,4,26,3,366,18,1,17,6,4,1,11,0,9,6,437,1,5,2,1,1,4,5,4,0,0,472,5,31,1,7,10,33,5,18,5,5,375,29,3,3,1,7,17,5,0,22,8,459
22,Control_v1_22,29,(),inf,206,0.950413223,0.894039735,0.851258581,0.833663366,0.878600823,0.802061856,0.898167006,0.871559633,0.773626374,0.832677165,0.929292929,0.959147425,0.789808917,0.815891473,0.875,0.854945055,0.926470588,0.908221797,0.721311475,0.805714286,460,0,10,1,1,7,5,4,7,0,0,540,8,1,2,2,1,1,8,0,4,16,372,14,4,7,6,16,30,2,2,8,27,421,2,21,5,7,14,9,1,6,2,0,427,2,15,6,7,22,5,7,1,20,0,389,15,0,15,3,3,1,5,0,7,10,441,1,7,1,2,1,5,4,4,0,0,475,6,26,3,21,5,34,6,35,3,7,352,22,4,4,2,10,33,12,0,28,9,423
23,Control_v1_23,28.3125,(),inf,206,0.946721311,0.940325497,0.794871795,0.856236786,0.905405405,0.859447005,0.888663968,0.903474903,0.746153846,0.79086116,0.933333333,0.923623446,0.855626327,0.784883721,0.823770492,0.81978022,0.922268908,0.894837476,0.795081967,0.857142857,462,0,12,1,1,3,5,3,8,0,0,520,20,1,1,2,1,2,16,0,2,8,403,9,3,4,7,10,23,2,4,5,32,405,2,18,5,6,29,10,2,4,4,0,402,1,18,2,8,47,6,7,5,20,0,373,15,1,24,4,6,1,8,0,6,6,439,1,9,0,1,1,10,3,3,0,0,468,5,32,1,4,11,26,5,18,4,7,388,24,4,3,2,8,21,9,0,18,10,450
24,Control_v1_24,27.46875,(),inf,194,0.950207469,0.922942207,0.824675325,0.796261682,0.874747475,0.832967033,0.89516129,0.896551724,0.776180698,0.844444444,0.925252525,0.936056838,0.808917197,0.825581395,0.887295082,0.832967033,0.932773109,0.894837476,0.774590164,0.796190476,458,0,11,2,1,6,5,4,8,0,0,527,16,2,1,1,1,1,14,0,4,11,381,16,4,4,9,13,27,2,2,6,27,426,1,20,5,4,14,11,0,5,3,0,433,0,15,4,8,20,5,7,3,24,1,379,15,1,17,3,4,1,5,0,6,7,444,1,8,0,2,1,9,12,3,0,0,468,3,25,2,9,7,42,4,24,2,4,378,16,5,4,0,11,41,14,0,22,10,418
25,Control_v1_25,28.28125,(),inf,195,0.95625,0.912820513,0.859090909,0.788888889,0.88308977,0.834482759,0.876227898,0.897683398,0.764,0.838521401,0.927272727,0.948490231,0.802547771,0.825581395,0.866803279,0.797802198,0.93697479,0.889101338,0.782786885,0.820952381,459,0,12,1,1,6,5,3,8,0,0,534,8,3,1,3,1,2,11,0,3,13,378,17,4,4,8,14,28,2,2,8,23,426,1,18,8,4,18,8,0,5,2,1,423,2,18,6,8,23,7,8,1,29,1,363,21,0,22,3,2,1,4,0,7,6,446,1,9,0,1,1,5,13,4,0,0,465,3,31,2,11,5,39,4,23,2,4,382,16,4,4,2,11,33,10,0,19,11,431
26,Control_v1_26,24.34375,(),inf,168,0.93083004,0.929475588,0.766730402,0.72875817,0.856015779,0.891304348,0.921568627,0.922764228,0.751004016,0.863070539,0.951515152,0.912966252,0.851380042,0.864341085,0.889344262,0.720879121,0.888655462,0.868068834,0.766393443,0.792380952,471,0,12,2,1,0,3,1,5,0,0,514,31,3,2,2,0,1,10,0,4,9,401,12,5,3,6,9,20,2,3,5,26,446,0,8,4,3,17,4,1,5,3,1,434,1,12,3,8,20,9,6,5,52,4,328,10,0,38,3,7,1,16,2,7,7,423,2,10,1,2,1,12,20,4,0,0,454,4,26,4,9,15,52,6,14,1,3,374,10,5,3,2,22,44,5,0,16,12,416
27,Control_v1_27,26.359375,(),inf,186,0.953878407,0.918871252,0.79759519,0.83531746,0.863453815,0.853146853,0.881287726,0.910505837,0.758483034,0.838521401,0.919191919,0.925399645,0.845010616,0.815891473,0.881147541,0.804395604,0.920168067,0.894837476,0.778688525,0.820952381,455,0,16,1,1,5,5,3,9,0,0,521,19,1,1,2,1,2,16,0,4,10,398,11,5,4,7,10,20,2,3,6,30,421,2,16,6,4,21,7,0,5,2,0,430,3,16,2,6,24,5,7,3,22,2,366,22,0,25,3,4,1,10,0,8,5,438,2,7,1,1,1,8,7,5,0,0,468,7,26,1,12,11,30,8,20,2,4,380,20,4,4,2,11,36,8,0,19,10,431
28,Control_v1_28,25.71875,(),inf,184,0.921722114,0.913559322,0.850549451,0.790145985,0.926365796,0.865060241,0.875984252,0.908203125,0.776371308,0.791519435,0.951515152,0.957371226,0.821656051,0.839147287,0.799180328,0.789010989,0.93487395,0.889101338,0.754098361,0.853333333,471,0,12,1,0,1,5,1,3,1,0,539,7,3,1,2,1,1,9,0,7,12,387,15,2,4,7,10,25,2,3,6,23,433,0,14,6,3,20,8,3,5,5,0,390,1,22,5,7,50,11,8,3,32,0,359,17,1,21,3,7,1,5,0,5,5,445,1,6,1,1,1,7,11,3,0,0,465,4,31,2,15,5,45,4,17,5,5,368,22,6,3,1,8,16,12,0,20,11,448
29,Control_v1_29,29.5,(),inf,210,0.932270916,0.917241379,0.804081633,0.85042735,0.8721174,0.814655172,0.904958678,0.872693727,0.78713969,0.791512915,0.945454545,0.944937833,0.836518047,0.771317829,0.852459016,0.830769231,0.920168067,0.904397706,0.727459016,0.817142857,468,0,11,1,1,3,5,3,3,0,0,532,14,1,2,1,1,2,10,0,4,11,394,12,4,7,5,14,18,2,4,8,31,398,2,21,5,8,22,17,3,4,6,0,416,2,14,5,5,33,8,7,4,17,0,378,15,1,22,3,6,1,10,0,7,6,438,1,5,2,1,1,8,5,3,0,0,473,3,29,4,13,10,27,7,36,1,8,355,27,4,3,2,7,35,10,0,27,8,429
30,Control_v1_30,29.40625,(),3.91395309,208,0.926147705,0.912969283,0.828389831,0.843495935,0.892241379,0.844393593,0.900621118,0.921686747,0.726765799,0.831758034,0.937373737,0.95026643,0.83014862,0.804263566,0.848360656,0.810989011,0.913865546,0.877629063,0.801229508,0.838095238,464,0,11,1,0,3,5,2,9,0,0,535,10,1,1,2,0,1,13,0,4,13,391,15,2,5,5,10,24,2,4,8,26,415,0,18,6,3,26,10,3,6,6,1,414,1,17,4,12,24,9,7,4,16,1,369,12,0,35,2,6,1,8,0,8,8,435,1,8,1,2,1,8,9,3,0,0,459,7,34,4,11,6,28,4,21,2,5,391,16,5,4,2,6,31,10,1,13,13,440
31,Control_v1_31,25.765625,(),inf,186,0.920077973,0.905982906,0.827213823,0.79739777,0.91011236,0.845977011,0.88247012,0.898272553,0.775257732,0.83625731,0.953535354,0.941385435,0.813163482,0.831395349,0.829918033,0.808791209,0.930672269,0.894837476,0.770491803,0.817142857,472,0,11,2,0,1,5,2,2,0,0,530,12,4,2,1,1,3,10,0,5,15,383,17,1,4,8,9,27,2,4,9,21,429,1,16,6,5,20,5,3,6,8,0,405,3,20,4,8,31,9,8,4,24,0,368,16,0,22,4,7,1,7,0,6,5,443,1,6,0,2,1,8,11,4,0,0,468,3,26,4,12,6,38,5,25,3,3,376,16,7,3,3,13,21,12,0,26,11,429
32,Control_v1_32,27.5625,(),inf,192,0.960167715,0.898163606,0.847345133,0.761324042,0.86,0.855106888,0.900203666,0.822525597,0.767895879,0.872437358,0.925252525,0.955595027,0.813163482,0.846899225,0.881147541,0.791208791,0.928571429,0.921606119,0.725409836,0.72952381,458,0,10,1,0,6,5,4,11,0,0,538,7,3,2,2,1,2,8,0,2,14,383,13,4,4,7,18,24,2,2,9,24,437,0,16,4,6,14,4,0,6,4,1,430,0,15,6,10,16,5,8,2,39,3,360,16,2,17,3,5,1,4,0,7,6,442,2,9,0,1,1,5,8,4,0,0,482,5,17,1,18,11,56,7,19,1,7,354,14,3,4,2,16,43,8,0,57,9,383
33,Control_v1_33,29.453125,(),inf,205,0.936605317,0.908934708,0.790419162,0.857142857,0.887234043,0.869879518,0.905857741,0.81270903,0.749518304,0.837160752,0.925252525,0.939609236,0.840764331,0.779069767,0.854508197,0.793406593,0.909663866,0.929254302,0.797131148,0.763809524,458,0,17,1,1,4,5,4,5,0,0,529,16,1,1,2,1,3,10,0,5,10,396,5,4,4,6,14,25,2,2,9,32,402,2,18,4,9,29,9,2,6,2,0,417,0,16,8,8,29,10,8,7,22,1,361,12,3,26,5,4,1,12,0,8,7,433,2,9,0,1,1,7,3,3,0,0,486,6,16,2,13,10,27,5,16,1,8,389,17,5,5,2,8,28,3,0,61,12,401
34,Control_v1_34,25.71875,(),inf,184,0.931102362,0.913194444,0.807127883,0.828343313,0.901531729,0.875,0.89,0.894230769,0.770186335,0.793594306,0.955555556,0.934280639,0.817409766,0.804263566,0.844262295,0.8,0.93487395,0.889101338,0.762295082,0.84952381,473,0,10,0,1,1,5,2,3,0,0,526,19,2,1,2,0,3,10,0,5,12,385,16,3,3,6,13,26,2,4,7,28,415,2,18,5,5,19,13,1,4,4,0,412,0,18,6,8,35,10,8,3,21,1,364,18,0,23,7,6,1,7,0,6,4,445,1,6,0,1,1,9,5,3,0,0,465,6,33,3,14,10,32,4,19,3,5,372,26,5,3,2,10,24,5,0,20,10,446
35,Control_v1_35,27.34375,(),inf,195,0.948559671,0.921465969,0.795959596,0.840080972,0.873727088,0.841059603,0.917021277,0.928131417,0.746153846,0.822975518,0.931313131,0.937833037,0.836518047,0.804263566,0.879098361,0.837362637,0.905462185,0.864244742,0.795081967,0.832380952,461,0,14,1,1,5,3,1,8,1,0,528,14,1,1,2,1,1,15,0,5,12,394,12,5,3,5,8,25,2,3,7,29,415,2,19,4,4,27,6,0,5,5,0,429,1,12,2,8,26,6,7,5,20,1,381,13,0,20,2,4,1,12,0,7,8,431,1,11,1,1,1,11,8,5,0,0,452,6,39,2,8,10,29,5,23,1,5,388,17,4,4,1,8,35,11,0,13,12,437
36,Control_v1_36,25.96875,(),inf,182,0.960416667,0.900662252,0.838137472,0.808880309,0.888888889,0.826839827,0.890909091,0.888667992,0.75210084,0.810861423,0.931313131,0.96625222,0.802547771,0.812015504,0.868852459,0.83956044,0.926470588,0.854684512,0.733606557,0.824761905,461,0,10,1,1,6,5,3,7,1,0,544,5,3,2,2,0,1,6,0,4,14,378,16,5,3,8,12,29,2,2,8,26,419,2,17,5,6,26,5,0,5,4,0,424,0,17,6,7,25,4,7,2,23,1,382,14,1,20,1,2,1,7,0,8,7,441,1,8,1,1,1,11,7,4,0,0,447,5,47,3,20,7,37,4,31,4,5,358,19,3,4,1,12,26,14,1,21,10,433
37,Control_v1_37,28.390625,(),inf,194,0.934131737,0.881685575,0.832608696,0.821073559,0.838709677,0.836283186,0.912681913,0.881040892,0.782608696,0.867678959,0.945454545,0.96625222,0.813163482,0.800387597,0.905737705,0.830769231,0.922268908,0.906309751,0.737704918,0.761904762,468,0,11,1,0,4,5,4,2,0,0,544,7,1,1,2,1,1,6,0,6,16,383,12,4,6,7,14,21,2,3,9,26,413,2,25,4,8,19,7,1,5,3,1,442,1,12,3,8,12,8,7,4,20,2,378,11,0,23,2,5,2,6,0,7,7,439,1,8,1,2,2,10,7,6,0,0,474,3,19,4,27,8,35,8,21,2,5,360,18,4,5,2,13,55,8,0,28,10,400
38,Control_v1_38,29.703125,(),inf,208,0.950920245,0.905660377,0.825902335,0.820866142,0.89154013,0.873205742,0.866795367,0.899224806,0.751953125,0.830152672,0.939393939,0.937833037,0.825902335,0.808139535,0.842213115,0.802197802,0.943277311,0.887189293,0.788934426,0.828571429,465,0,8,1,1,2,6,3,9,0,0,528,18,1,1,1,1,1,12,0,4,10,389,12,3,3,10,10,28,2,2,9,26,417,2,20,7,7,20,6,0,6,5,1,411,0,22,3,9,31,8,8,2,25,2,365,16,0,26,3,4,1,4,0,6,5,449,1,6,0,1,1,10,6,5,0,0,464,5,31,1,14,7,34,5,16,5,5,385,16,4,6,2,11,25,6,2,22,12,435
39,Control_v1_39,36.078125,(),inf,255,0.942622951,0.922671353,0.757062147,0.798095238,0.869387755,0.853080569,0.893660532,0.904572565,0.738188976,0.856842105,0.929292929,0.93250444,0.853503185,0.812015504,0.87295082,0.791208791,0.918067227,0.86998088,0.768442623,0.775238095,460,0,17,1,1,2,7,2,5,0,0,525,19,1,2,1,0,1,14,0,5,9,402,12,2,3,6,7,23,2,3,6,33,419,2,19,5,4,23,2,1,6,6,1,426,0,17,3,10,18,8,7,6,25,1,360,13,1,30,4,3,1,13,0,6,7,437,1,8,0,2,1,13,13,3,0,0,455,6,30,1,10,19,41,5,20,1,4,375,12,5,4,3,12,42,10,3,25,14,407
40,Control_v1_40,29.90625,(),inf,208,0.962264151,0.928571429,0.760377358,0.820866142,0.882599581,0.859903382,0.893877551,0.869724771,0.762096774,0.836978131,0.927272727,0.923623446,0.855626327,0.808139535,0.862704918,0.782417582,0.920168067,0.906309751,0.774590164,0.801904762,459,0,17,1,1,3,5,3,6,0,0,520,24,1,2,1,1,1,13,0,1,9,403,12,3,4,7,11,19,2,3,6,36,417,1,16,5,4,23,5,0,5,5,0,421,0,17,6,8,26,6,7,5,28,2,356,15,3,30,3,3,1,14,0,6,5,438,1,7,1,1,1,9,8,3,0,0,474,3,24,1,7,15,31,5,21,2,7,378,21,3,4,2,10,33,8,0,35,9,421
41,Control_v1_41,29.71875,(),inf,214,0.952282158,0.911111111,0.841409692,0.862869198,0.856854839,0.844594595,0.87109375,0.893333333,0.763527054,0.820415879,0.927272727,0.946714032,0.81104034,0.792635659,0.870901639,0.824175824,0.93697479,0.896749522,0.780737705,0.826666667,459,0,13,1,1,5,5,2,9,0,0,533,11,1,2,3,1,2,10,0,2,12,382,14,5,3,9,17,25,2,3,8,27,409,2,21,7,8,21,10,1,4,3,0,425,1,19,4,8,23,7,8,1,15,3,375,21,1,20,4,4,1,6,0,6,6,446,1,6,0,1,1,4,2,4,0,0,469,6,36,1,14,5,27,9,22,4,5,381,20,4,4,2,5,39,8,0,16,13,434
42,Control_v1_42,31.375,(),inf,222,0.948347107,0.899833055,0.791666667,0.824457594,0.840155945,0.876213592,0.887983707,0.8996139,0.769230769,0.853556485,0.927272727,0.957371226,0.847133758,0.810077519,0.883196721,0.793406593,0.915966387,0.891013384,0.778688525,0.777142857,459,0,20,1,1,3,5,3,3,0,0,539,9,1,1,2,1,1,9,0,2,12,399,12,5,3,6,9,21,2,2,9,33,418,2,13,5,4,26,4,1,6,6,0,431,0,16,5,7,16,8,8,6,25,1,361,19,0,24,3,5,1,12,0,7,6,436,1,7,1,2,1,8,8,5,0,0,466,5,28,1,18,9,33,6,18,2,5,380,16,4,5,2,9,54,6,1,24,12,408
43,Control_v1_43,27.921875,(),inf,198,0.94057377,0.92173913,0.810126582,0.847780127,0.870182556,0.855477855,0.892783505,0.929313929,0.707964602,0.82122905,0.927272727,0.941385435,0.815286624,0.777131783,0.879098361,0.806593407,0.909663866,0.854684512,0.819672131,0.84,459,0,14,1,2,5,4,1,9,0,0,530,9,2,1,1,1,1,18,0,6,12,384,12,4,5,7,10,29,2,3,7,31,401,2,17,5,6,38,6,1,5,5,0,429,0,16,0,8,24,7,8,4,18,2,367,17,0,29,3,5,1,10,0,7,6,433,1,12,1,1,1,8,6,5,0,0,447,9,46,3,8,7,26,4,18,2,6,400,14,3,3,2,7,37,10,0,9,13,441
44,Control_v1_44,25.125,(),inf,178,0.944099379,0.925795053,0.779527559,0.822957198,0.864097363,0.884520885,0.897540984,0.894538606,0.744186047,0.852226721,0.921212121,0.930728242,0.840764331,0.819767442,0.87295082,0.791208791,0.920168067,0.908221797,0.786885246,0.801904762,456,0,19,1,1,1,6,2,9,0,0,524,18,4,2,1,0,1,13,0,4,8,396,10,5,3,7,12,24,2,2,6,33,423,2,14,5,5,20,6,1,5,6,0,426,0,14,4,11,21,8,8,5,26,1,360,16,1,27,3,4,1,11,0,6,2,438,1,12,1,2,1,8,6,3,0,0,475,4,24,2,9,11,34,6,18,2,6,384,16,4,4,1,10,41,8,0,24,12,421
45,Control_v1_45,25.90625,(),inf,182,0.946502058,0.903225806,0.820512821,0.773960217,0.8891258,0.857142857,0.884615385,0.874296435,0.778251599,0.834296724,0.929292929,0.944937833,0.815286624,0.829457364,0.854508197,0.791208791,0.918067227,0.891013384,0.74795082,0.824761905,460,0,12,2,1,4,6,4,6,0,0,532,13,1,1,2,1,1,12,0,4,12,384,14,4,4,7,15,25,2,2,8,28,428,2,18,5,6,11,8,1,6,4,0,417,0,17,6,10,27,8,8,4,34,1,360,18,2,18,2,5,1,8,0,8,6,437,2,8,1,1,1,6,14,4,0,0,466,3,28,1,17,7,48,4,19,3,6,365,18,4,4,2,12,27,7,0,25,11,433
46,Control_v1_46,28.5,(),inf,200,0.935222672,0.914485166,0.772815534,0.844863732,0.879098361,0.840354767,0.912579957,0.926380368,0.740963855,0.811355311,0.933333333,0.930728242,0.845010616,0.781007752,0.879098361,0.832967033,0.899159664,0.866156788,0.756147541,0.843809524,462,0,10,1,1,4,5,2,9,1,0,524,18,1,2,2,0,1,15,0,4,10,398,10,4,3,7,10,23,2,4,7,38,403,2,22,4,4,20,12,2,6,3,0,429,1,14,1,10,22,9,7,5,18,1,379,11,0,20,5,5,1,11,0,7,7,428,1,15,1,2,1,10,7,4,0,0,453,8,38,2,12,20,30,6,22,0,5,369,22,4,5,2,7,32,11,0,12,9,443
47,Control_v1_47,26.421875,(),inf,185,0.957805907,0.902027027,0.746296296,0.796577947,0.856581532,0.872641509,0.884231537,0.899224806,0.791183295,0.856262834,0.917171717,0.948490231,0.855626327,0.812015504,0.893442623,0.813186813,0.930672269,0.887189293,0.698770492,0.794285714,454,0,23,1,1,2,7,3,4,0,0,534,14,1,2,2,1,1,8,0,2,10,403,12,5,3,6,11,18,1,2,9,38,419,1,14,7,4,15,7,0,6,4,0,436,0,15,3,8,16,7,8,7,21,1,370,20,1,17,3,2,1,13,0,7,3,443,1,6,0,1,1,12,10,4,0,0,464,3,28,2,19,24,52,6,23,2,4,341,15,4,4,2,10,46,7,0,24,11,417
48,Control_v1_48,27.546875,(),inf,190,0.951020408,0.93705036,0.809128631,0.796296296,0.890792291,0.876884422,0.902691511,0.917184265,0.732209738,0.795414462,0.941414141,0.925399645,0.828025478,0.833333333,0.852459016,0.767032967,0.915966387,0.847036329,0.801229508,0.859047619,466,0,10,1,1,2,5,2,7,1,0,521,22,1,1,1,0,2,15,0,3,7,390,13,5,4,6,9,32,2,2,5,25,430,2,13,5,5,22,7,0,3,3,0,416,0,16,5,8,37,8,7,4,35,2,349,14,1,32,3,5,1,8,0,7,7,436,1,10,1,1,1,11,10,4,0,0,443,5,48,1,8,8,37,7,15,1,3,391,17,4,3,1,13,22,7,0,12,12,451
49,Control_v1_49,26.203125,(),inf,189,0.936127745,0.903878583,0.806910569,0.82745098,0.902272727,0.865740741,0.881763527,0.922131148,0.806666667,0.771428571,0.947474747,0.952042629,0.842887473,0.817829457,0.81352459,0.821978022,0.924369748,0.86042065,0.743852459,0.874285714,469,0,13,2,0,3,5,1,1,1,0,536,13,1,1,1,1,1,9,0,4,12,397,13,4,4,6,10,19,2,3,8,28,422,0,18,7,4,16,10,1,5,8,0,397,0,20,5,4,48,8,7,2,22,0,374,18,0,21,3,6,1,9,0,6,7,440,1,5,1,1,2,11,6,5,0,0,450,2,46,3,19,10,37,4,21,2,4,363,25,6,3,1,7,23,4,0,12,10,459
50,Control_v1_50,31.4375,(),4.061298486,221,0.948240166,0.911714771,0.834394904,0.827722772,0.835249042,0.869458128,0.897959184,0.895437262,0.710951526,0.87804878,0.925252525,0.953818828,0.834394904,0.810077519,0.893442623,0.775824176,0.924369748,0.900573614,0.81147541,0.754285714,458,0,10,1,1,3,5,3,14,0,0,537,9,1,1,2,1,1,11,0,2,12,393,13,4,3,6,10,26,2,3,8,27,418,2,13,6,5,30,4,1,5,4,1,436,0,16,4,9,12,7,7,4,23,2,353,14,1,41,3,4,1,7,0,8,5,440,1,10,0,1,1,9,7,5,0,0,471,6,23,3,13,6,31,6,17,2,3,396,11,4,5,2,10,57,10,0,27,14,396
51,Control_v1_51,30.703125,(),inf,217,0.942505133,0.905245347,0.801635992,0.795202952,0.860323887,0.837104072,0.890466531,0.855379189,0.804395604,0.877272727,0.927272727,0.95026643,0.832271762,0.835271318,0.870901639,0.813186813,0.922268908,0.927342256,0.75,0.735238095,459,0,17,2,1,3,6,3,4,0,0,535,11,1,2,2,1,4,7,0,5,12,392,13,4,4,6,13,20,2,2,7,27,431,2,17,6,6,15,3,1,5,6,1,425,1,17,5,8,19,8,8,5,30,1,370,15,1,14,3,4,2,11,0,6,8,439,1,5,0,2,1,8,7,3,0,0,485,3,14,1,17,10,45,5,24,2,5,366,13,5,4,2,12,45,13,1,44,13,386
52,Control_v1_52,30.859375,(),inf,211,0.953878407,0.915662651,0.810309278,0.81409002,0.860323887,0.836283186,0.877470356,0.847670251,0.78807947,0.836438923,0.919191919,0.944937833,0.834394904,0.80620155,0.870901639,0.830769231,0.932773109,0.904397706,0.731557377,0.76952381,455,0,14,1,1,7,7,4,6,0,0,532,14,2,2,2,1,1,9,0,3,11,393,12,3,3,7,15,22,2,2,7,28,416,2,19,6,10,16,10,1,5,5,0,425,0,19,4,8,21,6,7,5,18,1,378,17,2,17,4,3,1,8,0,6,6,444,2,6,0,1,1,8,9,4,0,0,473,3,24,1,13,8,43,7,27,5,9,357,18,5,4,2,10,43,10,0,38,9,404
53,Control_v1_53,28.015625,(),inf,195,0.961864407,0.902684564,0.807377049,0.808139535,0.89135255,0.856097561,0.894093686,0.870201097,0.759834369,0.802197802,0.917171717,0.955595027,0.836518047,0.808139535,0.823770492,0.771428571,0.922268908,0.910133843,0.75204918,0.834285714,454,0,15,1,1,4,6,4,10,0,0,538,10,2,2,2,1,1,7,0,2,11,394,11,4,4,6,14,23,2,2,8,30,417,2,15,5,7,19,11,0,6,3,0,402,1,16,7,6,47,7,8,6,30,1,351,17,1,30,4,1,2,9,0,7,6,439,2,8,2,1,1,7,5,4,0,0,476,4,25,1,18,12,40,5,21,1,6,367,17,4,4,2,10,23,6,0,29,9,438
54,Control_v1_54,25.828125,(),inf,182,0.952182952,0.888157895,0.798780488,0.809055118,0.826335878,0.856132075,0.891348089,0.905405405,0.765060241,0.857777778,0.925252525,0.959147425,0.834394904,0.796511628,0.887295082,0.797802198,0.930672269,0.896749522,0.780737705,0.735238095,458,0,15,2,1,5,6,3,5,0,0,540,9,2,2,1,0,1,8,0,3,13,393,12,4,5,7,13,19,2,2,9,37,411,2,16,5,5,24,5,0,7,4,0,433,0,17,2,8,17,5,8,6,28,1,363,16,0,25,3,5,1,8,0,6,5,443,1,7,0,2,1,9,6,4,0,0,469,5,27,2,22,9,35,7,17,2,3,381,10,4,7,2,12,64,12,1,21,16,386
55,Control_v1_55,28.171875,(),inf,194,0.941176471,0.928571429,0.811594203,0.825301205,0.891111111,0.879795396,0.873540856,0.907258065,0.729678639,0.79020979,0.937373737,0.946714032,0.832271762,0.796511628,0.821721311,0.756043956,0.943277311,0.86042065,0.790983607,0.860952381,464,0,14,1,1,2,6,3,4,0,0,533,13,2,1,1,1,1,11,0,5,10,392,14,4,3,8,11,22,2,3,8,29,411,2,14,5,7,31,6,1,4,8,0,401,1,20,4,6,43,6,7,3,20,1,344,21,1,45,7,5,1,5,0,6,3,449,1,6,0,1,1,9,9,3,0,0,450,7,43,4,7,8,34,4,19,4,3,386,19,4,3,2,7,27,4,0,15,11,452
56,Control_v1_56,26.5,(),inf,188,0.941414141,0.935368043,0.794297352,0.822,0.841300191,0.828571429,0.910828025,0.949044586,0.723518851,0.858333333,0.941414141,0.925399645,0.828025478,0.796511628,0.901639344,0.828571429,0.901260504,0.854684512,0.825819672,0.784761905,466,0,11,2,1,6,4,1,4,0,0,521,18,1,1,1,0,1,20,0,5,9,390,11,4,5,7,7,31,2,4,6,30,411,2,22,4,3,28,6,1,4,4,0,440,0,14,1,11,13,6,6,6,23,1,377,12,0,22,2,4,1,13,0,7,7,429,1,13,1,2,1,10,13,8,0,0,447,9,33,1,5,7,30,6,22,1,2,403,11,6,4,2,9,53,15,0,8,16,412
57,Control_v1_57,29.609375,(),3.328309458,208,0.952282158,0.918544194,0.834051724,0.834355828,0.883474576,0.882063882,0.896761134,0.883458647,0.693103448,0.846918489,0.927272727,0.941385435,0.821656051,0.790697674,0.854508197,0.789010989,0.930672269,0.898661568,0.823770492,0.811428571,459,0,11,1,1,4,5,4,10,0,0,530,11,1,1,2,1,1,16,0,2,11,387,11,4,3,6,16,30,1,3,7,29,408,1,14,6,7,34,7,0,6,3,0,417,1,16,4,13,28,6,8,3,22,0,359,15,1,38,3,5,1,4,0,7,3,443,1,12,0,1,1,7,7,5,0,0,470,8,24,2,10,7,28,5,13,2,5,402,14,4,3,2,11,31,8,0,23,17,426
58,Control_v1_58,23.9375,(),inf,166,0.954261954,0.910623946,0.849775785,0.838383838,0.877300613,0.825221239,0.9092827,0.898467433,0.705776173,0.854251012,0.927272727,0.959147425,0.804670913,0.804263566,0.879098361,0.81978022,0.905462185,0.896749522,0.801229508,0.803809524,459,0,8,2,1,6,5,2,11,1,0,540,7,2,1,2,1,1,9,0,4,12,379,15,6,8,6,13,27,1,2,8,24,415,2,21,4,6,30,4,0,6,3,0,429,1,12,4,16,17,7,7,2,21,1,373,12,0,30,2,3,1,9,0,7,9,431,1,14,1,1,1,5,6,5,0,0,469,6,30,1,14,7,27,4,21,3,4,391,16,4,4,2,7,33,11,0,22,20,422
59,Control_v1_59,33.390625,(),3.195116416,236,0.937625755,0.923487544,0.794297352,0.79584121,0.871165644,0.862559242,0.9,0.905587669,0.739215686,0.850299401,0.941414141,0.921847247,0.828025478,0.815891473,0.87295082,0.8,0.907563025,0.898661568,0.772540984,0.811428571,466,0,12,1,1,2,5,2,6,0,0,519,17,2,2,2,1,3,17,0,4,12,390,15,4,3,6,11,24,2,4,6,35,421,2,17,5,5,17,4,0,5,3,1,426,0,16,2,12,23,9,7,3,29,1,364,14,0,26,2,5,1,9,0,7,7,432,1,13,1,1,1,10,7,4,0,0,470,5,25,3,8,10,41,5,20,1,5,377,18,5,3,2,12,37,7,0,20,13,426
60,Control_v1_60,25.546875,(),inf,181,0.950207469,0.921190893,0.879310345,0.79373849,0.840304183,0.852803738,0.85046729,0.804674457,0.75249501,0.870415648,0.925252525,0.934280639,0.757961783,0.835271318,0.905737705,0.802197802,0.955882353,0.921606119,0.772540984,0.678095238,458,0,7,2,1,6,9,4,8,0,0,526,8,3,2,1,2,2,19,0,5,15,357,19,4,4,15,16,34,2,2,7,17,431,2,18,6,9,20,4,0,4,3,1,442,0,17,3,6,12,7,8,1,24,2,365,27,2,15,4,3,1,2,0,6,3,455,1,5,0,1,1,4,6,4,0,0,482,7,18,2,6,5,45,8,20,4,8,377,13,4,3,2,12,55,11,0,72,10,356
61,Control_v1_61,29.625,(),inf,213,0.937246964,0.920415225,0.816842105,0.789667897,0.862068966,0.82788671,0.894736842,0.891428571,0.774468085,0.863829787,0.935353535,0.944937833,0.823779193,0.829457364,0.870901639,0.835164835,0.928571429,0.894837476,0.745901639,0.773333333,463,0,12,2,0,5,5,3,5,0,0,532,13,2,1,2,1,1,11,0,5,11,388,15,5,4,7,12,23,1,3,6,26,428,1,20,5,4,17,6,1,4,4,0,425,1,18,4,9,22,8,7,3,24,0,380,14,0,18,1,5,1,7,0,6,7,442,1,7,0,1,1,9,13,5,0,0,468,3,23,4,12,11,45,5,29,2,5,364,11,4,4,2,13,45,11,0,27,13,406
62,Control_v1_62,21.390625,(),inf,149,0.948770492,0.912371134,0.818565401,0.812260536,0.889848812,0.835920177,0.88247012,0.788709677,0.816326531,0.857768053,0.935353535,0.943161634,0.823779193,0.821705426,0.844262295,0.828571429,0.930672269,0.93499044,0.737704918,0.746666667,463,0,11,1,1,7,4,4,4,0,0,531,17,1,1,1,1,2,8,1,3,12,388,12,5,5,6,17,21,2,2,8,27,424,1,16,6,11,15,6,1,5,3,1,412,1,22,15,7,21,6,7,4,26,1,377,17,2,12,3,4,1,6,1,6,9,443,1,5,0,1,2,6,5,4,0,0,489,2,14,4,12,11,38,4,25,3,13,360,18,4,4,1,13,28,10,0,66,7,392
63,Control_v1_63,25.59375,(),inf,181,0.938,0.904522613,0.792156863,0.766256591,0.91571754,0.858823529,0.887775551,0.937915743,0.84073107,0.738437002,0.947474747,0.959147425,0.857749469,0.84496124,0.823770492,0.802197802,0.930672269,0.808795411,0.659836066,0.881904762,469,0,15,1,0,3,5,0,1,1,0,540,11,3,2,1,0,1,5,0,3,12,404,14,3,3,6,7,16,3,4,8,28,436,0,13,4,3,11,9,2,6,6,0,402,1,19,3,4,45,7,7,5,33,1,365,20,0,10,7,6,1,7,0,6,5,443,1,5,2,1,1,13,15,4,0,0,423,3,63,4,18,19,55,5,25,2,4,322,34,4,4,2,12,16,9,0,9,6,463
64,Control_v1_64,27.09375,(),inf,182,0.952282158,0.904201681,0.78515625,0.835051546,0.882105263,0.823913043,0.897330595,0.895551257,0.778761062,0.822429907,0.927272727,0.955595027,0.853503185,0.784883721,0.858606557,0.832967033,0.918067227,0.885277247,0.721311475,0.838095238,459,0,16,1,1,5,5,2,5,1,0,538,11,1,2,1,1,1,8,0,2,11,402,8,4,3,6,11,22,2,2,8,35,405,2,18,4,8,27,7,1,6,6,0,419,0,17,4,4,31,6,7,6,21,2,379,15,1,15,3,4,1,11,0,7,7,437,1,7,1,1,1,12,8,7,0,0,463,3,28,3,19,11,33,5,36,2,5,352,22,4,4,2,8,26,11,0,21,9,440
65,Control_v1_65,32.96875,(),inf,212,0.931726908,0.924865832,0.744014733,0.801526718,0.894967177,0.856148492,0.897540984,0.877819549,0.790286976,0.827184466,0.937373737,0.918294849,0.857749469,0.813953488,0.838114754,0.810989011,0.920168067,0.89292543,0.733606557,0.811428571,464,0,18,1,1,2,4,3,2,0,0,517,22,2,2,2,1,5,12,0,5,9,404,10,2,3,5,11,20,2,2,7,38,420,2,15,5,5,16,6,3,4,7,1,409,0,15,4,10,35,10,8,5,26,0,369,18,1,15,3,5,1,14,0,7,4,438,1,6,0,1,1,11,10,3,0,0,467,3,27,3,9,22,42,4,25,2,7,358,16,5,3,2,12,27,11,0,28,11,426
66,Control_v1_66,31.390625,(),3.675517932,217,0.948559671,0.897009967,0.827292111,0.853813559,0.875763747,0.800829876,0.894523327,0.856630824,0.781857451,0.847107438,0.931313131,0.959147425,0.823779193,0.781007752,0.881147541,0.848351648,0.926470588,0.913957935,0.741803279,0.780952381,461,0,13,1,1,6,4,3,6,0,0,540,9,1,2,2,1,1,7,0,4,13,388,10,4,5,7,13,25,2,3,9,31,403,1,30,5,7,20,7,0,7,2,0,430,1,17,7,7,17,6,8,5,15,0,386,16,1,15,3,4,1,7,0,7,7,441,1,8,0,1,2,5,3,3,0,0,478,4,27,3,18,7,32,7,30,2,9,362,18,4,4,2,7,36,15,0,38,9,410
67,Control_v1_67,29.8125,(),4.209360272,206,0.950207469,0.931531532,0.787109375,0.840248963,0.87704918,0.849765258,0.894093686,0.941052632,0.715328467,0.818853974,0.925252525,0.918294849,0.855626327,0.784883721,0.87704918,0.795604396,0.922268908,0.854684512,0.803278689,0.843809524,458,0,12,1,1,5,6,2,10,0,0,517,21,2,1,2,1,1,18,0,3,6,403,9,4,4,7,6,27,2,2,7,32,405,1,16,5,4,31,13,0,4,5,0,428,1,17,1,10,22,8,8,5,26,2,362,14,0,26,4,5,1,11,0,6,6,439,1,7,0,1,1,9,9,6,0,0,447,13,37,1,7,12,26,5,21,2,2,392,20,4,4,2,4,34,9,0,11,14,443
68,Control_v1_68,29.03125,(),inf,199,0.939271255,0.921465969,0.817427386,0.815384615,0.897603486,0.871046229,0.886454183,0.937629938,0.730769231,0.815412186,0.937373737,0.937833037,0.836518047,0.821705426,0.844262295,0.786813187,0.93487395,0.862332696,0.778688525,0.866666667,464,0,10,1,1,3,5,2,9,0,0,528,13,2,1,1,1,1,16,0,6,10,394,8,4,3,8,9,27,2,2,6,29,424,2,17,5,3,20,8,2,5,4,0,412,0,19,2,12,32,7,7,4,32,1,358,18,0,26,2,5,1,6,0,6,3,445,1,9,0,2,1,9,8,4,0,0,451,8,40,2,11,11,36,6,19,1,3,380,19,4,4,2,9,22,7,0,9,13,455
69,Control_v1_69,29.09375,(),inf,189,0.956431535,0.927689594,0.820675105,0.83201581,0.887234043,0.884422111,0.89375,0.878557875,0.701754386,0.817490494,0.931313131,0.934280639,0.825902335,0.815891473,0.854508197,0.773626374,0.901260504,0.885277247,0.819672131,0.819047619,461,0,13,1,1,3,5,3,8,0,0,526,9,2,1,2,0,1,22,0,1,12,389,13,3,3,6,14,28,2,2,6,28,421,1,14,5,7,25,7,1,6,4,0,417,0,16,7,9,28,5,7,2,25,1,352,16,1,40,6,5,1,12,0,7,5,429,1,15,1,1,1,9,5,4,0,0,463,6,34,2,4,6,30,5,16,3,4,400,18,4,4,2,9,30,3,0,26,17,430
70,Control_v1_70,23.75,(),inf,163,0.941532258,0.877616747,0.861297539,0.807251908,0.91571754,0.863425926,0.890909091,0.908,0.775555556,0.771812081,0.943434343,0.968028419,0.817409766,0.819767442,0.823770492,0.81978022,0.926470588,0.868068834,0.715163934,0.876190476,467,0,8,2,0,5,5,3,5,0,0,545,7,2,1,2,0,1,5,0,4,12,385,17,4,3,7,14,23,2,2,10,22,423,1,18,5,4,18,13,1,7,3,0,402,0,20,5,9,41,8,8,1,19,0,373,14,1,23,8,5,1,6,0,6,7,441,1,7,2,1,2,9,13,4,0,0,454,2,38,3,28,6,43,4,17,3,3,349,32,5,8,0,5,17,7,0,14,9,460
71,Control_v1_71,32.3125,(),inf,228,0.965884861,0.931283906,0.805785124,0.775985663,0.858846918,0.839907193,0.904166667,0.888246628,0.729885057,0.854469854,0.915151515,0.914742451,0.828025478,0.839147287,0.885245902,0.795604396,0.911764706,0.881453155,0.780737705,0.782857143,453,0,15,3,1,7,5,3,8,0,0,515,16,6,1,3,1,1,20,0,2,10,390,16,4,3,5,13,26,2,2,5,24,433,2,18,5,4,19,4,0,4,4,0,432,0,14,7,9,18,4,7,4,31,2,362,14,1,28,2,3,1,11,0,7,6,434,1,12,1,1,1,10,14,3,0,0,461,5,28,1,7,8,44,4,21,2,5,381,15,3,3,2,11,47,11,0,23,14,411
72,Control_v1_72,24.0625,(),inf,170,0.947916667,0.933456562,0.840354767,0.828460039,0.856858847,0.827050998,0.900414938,0.880597015,0.690311419,0.866666667,0.919191919,0.896980462,0.804670913,0.823643411,0.883196721,0.81978022,0.911764706,0.90248566,0.817622951,0.767619048,455,0,11,1,1,8,5,4,10,0,0,505,16,2,1,1,1,2,35,0,3,12,379,16,4,4,6,15,31,1,2,4,18,425,1,22,6,6,27,5,1,4,3,0,431,1,13,5,10,20,8,6,3,22,1,373,14,0,26,2,3,1,6,0,9,7,434,1,14,1,1,1,6,7,4,0,0,472,10,22,2,4,8,30,4,21,3,6,399,11,5,4,1,10,47,14,0,25,16,403
73,Control_v1_73,24.328125,(),inf,174,0.950920245,0.899833055,0.853932584,0.834661355,0.907657658,0.871046229,0.878727634,0.903162055,0.734496124,0.774358974,0.939393939,0.957371226,0.806794055,0.812015504,0.825819672,0.786813187,0.928571429,0.873804971,0.776639344,0.862857143,465,0,9,2,1,4,4,2,7,1,0,539,8,2,1,2,1,1,9,0,4,15,380,14,4,3,8,11,30,2,2,8,23,419,1,16,7,4,20,16,1,6,2,0,403,2,20,6,11,37,6,8,3,21,1,358,18,1,34,5,5,1,5,0,6,6,442,1,10,0,2,1,7,7,4,0,0,457,5,40,1,17,6,29,4,13,3,5,379,31,3,4,2,8,19,7,0,18,11,453
74,Control_v1_74,27.765625,(),inf,197,0.947589099,0.91537133,0.824411135,0.784671533,0.888421053,0.855791962,0.877712032,0.891682785,0.789473684,0.807622505,0.913131313,0.941385435,0.817409766,0.833333333,0.864754098,0.795604396,0.93487395,0.881453155,0.737704918,0.847619048,452,0,19,2,0,8,6,3,5,0,0,530,9,2,2,2,1,4,13,0,2,12,385,20,3,3,9,13,21,3,2,8,21,430,1,22,6,6,12,8,0,5,4,0,422,0,18,5,6,28,8,7,3,32,1,362,19,0,19,4,5,1,7,0,6,5,445,1,5,1,1,1,8,5,4,0,0,461,7,36,3,12,9,46,7,18,3,4,360,26,4,3,2,11,29,3,0,20,8,445
75,Control_v1_75,24.046875,(),inf,170,0.964059197,0.92920354,0.788118812,0.83744856,0.878914405,0.846681922,0.903157895,0.895752896,0.726432532,0.825335893,0.921212121,0.93250444,0.845010616,0.78875969,0.862704918,0.813186813,0.901260504,0.887189293,0.805327869,0.819047619,456,0,16,1,0,9,4,3,6,0,0,525,14,2,2,1,0,1,18,0,2,11,398,9,4,3,6,10,26,2,3,6,34,407,2,17,5,8,26,8,0,5,8,0,421,2,15,4,6,27,4,6,5,23,1,370,14,0,29,3,3,1,10,0,6,7,429,1,18,1,1,1,10,6,3,0,0,464,7,31,1,6,7,28,6,18,2,8,393,19,3,4,3,10,34,10,0,19,12,430
76,Control_v1_76,31.375,(),inf,222,0.955602537,0.91394148,0.845804989,0.821917808,0.908675799,0.831485588,0.905857741,0.931623932,0.692579505,0.770657673,0.913131313,0.943161634,0.791932059,0.813953488,0.81557377,0.824175824,0.909663866,0.833652008,0.803278689,0.87047619,452,0,13,1,1,7,6,2,12,1,0,531,6,3,1,1,0,1,20,0,3,15,373,16,4,4,5,10,39,2,2,7,19,420,1,20,5,4,30,8,1,5,6,0,398,2,15,2,12,47,5,7,3,18,0,375,13,1,30,3,3,1,7,0,7,9,433,1,14,1,2,1,6,10,3,0,0,436,7,58,1,11,6,33,4,21,1,3,392,16,4,3,2,10,19,12,0,8,10,457
77,Control_v1_77,24,(),inf,170,0.952380952,0.912013536,0.82869379,0.790825688,0.889361702,0.841059603,0.897540984,0.892100193,0.768595041,0.856,0.929292929,0.957371226,0.821656051,0.835271318,0.856557377,0.837362637,0.920168067,0.885277247,0.762295082,0.815238095,460,0,12,1,1,5,5,3,8,0,0,539,12,1,1,2,1,1,6,0,3,12,387,16,3,3,6,11,28,2,2,8,22,431,2,17,6,5,17,6,1,5,4,1,418,0,15,5,11,28,6,7,3,22,1,381,15,0,17,3,4,1,10,0,7,6,438,2,8,0,1,1,8,16,5,0,0,463,6,23,3,14,7,46,4,26,2,4,372,10,3,4,2,11,28,13,0,25,11,428
78,Control_v1_78,27.921875,(),inf,190,0.952182952,0.926523297,0.810810811,0.874439462,0.846153846,0.88688946,0.882936508,0.895327103,0.683606557,0.858895706,0.925252525,0.918294849,0.828025478,0.755813953,0.879098361,0.758241758,0.93487395,0.915869981,0.854508197,0.8,458,0,10,1,1,3,6,4,12,0,0,517,17,1,2,1,1,1,23,0,3,11,390,8,5,3,8,10,31,2,2,7,37,390,2,16,6,6,42,8,0,5,3,0,429,0,17,3,11,20,8,7,6,21,3,345,19,1,41,4,4,1,3,0,8,3,445,1,10,1,1,1,7,3,5,0,0,479,8,19,1,5,7,17,6,13,2,5,417,15,4,4,1,5,46,5,0,25,15,420
79,Control_v1_79,26.71875,(),inf,187,0.952380952,0.902847571,0.858744395,0.8203125,0.872689938,0.840909091,0.893360161,0.902152642,0.748,0.825426945,0.929292929,0.957371226,0.813163482,0.813953488,0.870901639,0.813186813,0.932773109,0.881453155,0.766393443,0.828571429,460,0,8,1,1,7,5,3,10,0,0,539,9,1,2,2,1,1,8,0,5,12,383,16,6,3,8,13,23,2,2,9,26,420,2,17,4,5,25,6,0,5,2,0,425,2,14,6,7,27,4,8,2,22,1,370,18,0,26,4,5,1,3,0,7,5,444,1,9,1,1,1,5,8,4,1,0,461,7,35,3,18,7,31,6,23,3,6,374,17,3,4,1,13,33,10,0,15,11,435
80,Control_v1_80,27.28125,(),inf,194,0.950413223,0.909863946,0.852272727,0.802631579,0.892473118,0.806722689,0.888888889,0.894026975,0.775681342,0.835877863,0.929292929,0.95026643,0.796178344,0.82751938,0.850409836,0.843956044,0.924369748,0.887189293,0.758196721,0.834285714,460,0,12,0,1,7,5,4,6,0,0,535,9,2,1,2,1,1,12,0,4,10,375,21,5,5,9,12,28,2,2,8,20,427,2,20,6,7,17,7,0,7,3,0,415,4,14,4,10,31,7,7,3,22,1,384,17,0,13,1,4,1,7,0,8,9,440,1,5,1,1,1,5,10,5,0,0,464,6,31,2,15,4,40,4,32,3,5,370,13,4,4,2,10,23,13,0,21,10,438
81,Control_v1_81,28.984375,(),inf,198,0.959660297,0.921847247,0.784860558,0.831622177,0.889830508,0.806722689,0.900621118,0.894736842,0.737142857,0.834645669,0.913131313,0.921847247,0.836518047,0.784883721,0.860655738,0.843956044,0.913865546,0.877629063,0.793032787,0.807619048,452,0,20,2,1,7,5,3,5,0,0,519,15,1,1,3,0,2,22,0,3,11,394,11,3,5,5,10,27,2,2,6,31,405,1,29,4,6,25,7,0,5,5,0,420,1,18,3,9,27,4,7,4,18,0,384,15,0,22,1,4,1,12,0,7,7,435,1,8,1,1,1,10,9,5,0,0,459,5,33,2,10,9,33,4,25,1,4,387,13,3,3,2,8,30,15,0,25,15,424
82,Control_v1_82,28.765625,(),4.2042369,198,0.948347107,0.927689594,0.787109375,0.825490196,0.904328018,0.8808933,0.888888889,0.901734104,0.718978102,0.830827068,0.927272727,0.934280639,0.855626327,0.815891473,0.81352459,0.78021978,0.907563025,0.894837476,0.807377049,0.841904762,459,0,17,1,1,3,6,2,6,0,1,526,13,3,1,1,0,1,17,0,1,9,403,10,4,4,6,8,24,2,3,7,29,421,2,13,5,5,23,8,2,6,8,0,397,0,18,6,15,36,6,6,5,29,3,355,18,0,30,3,4,1,15,0,6,5,432,1,11,1,2,1,8,4,3,0,0,468,11,26,2,8,12,32,3,17,1,5,394,14,4,3,2,10,19,5,0,23,17,442
83,Control_v1_83,30.09375,(),inf,202,0.95625,0.91580756,0.868235294,0.801851852,0.868041237,0.86797066,0.87254902,0.866300366,0.69535284,0.875565611,0.927272727,0.946714032,0.78343949,0.839147287,0.862704918,0.78021978,0.93487395,0.904397706,0.827868852,0.737142857,459,0,8,1,1,6,6,3,11,0,0,533,8,3,2,2,0,1,14,0,3,15,369,20,4,3,8,14,33,2,3,6,17,433,1,14,7,4,27,4,0,5,4,0,421,1,20,6,12,19,5,8,2,28,1,355,19,1,35,1,2,1,3,0,6,5,445,1,13,0,1,1,5,10,3,0,0,473,10,20,2,9,7,35,4,10,4,4,404,9,5,4,2,10,42,13,1,39,22,387
84,Control_v1_84,31.421875,(),inf,216,0.942857143,0.901172529,0.834763948,0.86825054,0.838771593,0.856481481,0.879207921,0.860254083,0.772357724,0.83436853,0.933333333,0.955595027,0.825902335,0.779069767,0.895491803,0.813186813,0.932773109,0.906309751,0.778688525,0.767619048,462,0,12,1,1,3,6,3,7,0,0,538,8,1,2,2,1,1,10,0,5,16,389,6,5,3,8,14,23,2,2,8,26,402,2,21,6,10,24,15,0,5,3,0,437,0,16,5,7,15,7,8,4,19,3,370,21,1,19,3,6,1,6,0,7,5,444,1,6,0,2,1,10,4,4,0,0,474,4,24,2,16,6,25,9,19,3,7,380,21,4,4,2,5,51,9,0,35,12,403
85,Control_v1_85,28.84375,(),inf,198,0.924752475,0.907056799,0.818376068,0.844262295,0.883575884,0.834070796,0.891566265,0.867030965,0.762295082,0.844897959,0.943434343,0.936056838,0.813163482,0.798449612,0.870901639,0.828571429,0.932773109,0.910133843,0.762295082,0.788571429,467,0,9,1,1,2,5,4,6,0,0,527,17,1,1,2,1,1,13,0,6,10,383,13,3,5,8,14,28,1,5,9,29,412,2,17,5,9,21,7,1,6,4,0,425,0,17,4,8,23,8,7,5,19,1,377,16,0,19,3,6,1,6,0,6,6,444,1,6,0,2,1,7,3,3,0,0,476,6,25,5,14,6,32,7,28,2,5,372,17,5,6,2,7,32,15,0,35,9,414
86,Control_v1_86,29.5,(),inf,203,0.946830266,0.91537133,0.803245436,0.816046967,0.867886179,0.837837838,0.885771543,0.852836879,0.769857434,0.885844749,0.935353535,0.941385435,0.840764331,0.808139535,0.875,0.817582418,0.928571429,0.919694073,0.774590164,0.739047619,463,0,16,1,1,3,5,3,3,0,0,530,14,1,1,2,1,2,12,0,4,12,396,7,4,3,6,12,25,2,2,8,30,417,2,20,7,8,19,3,1,5,5,1,427,0,17,6,8,18,5,7,6,23,0,372,17,0,22,3,5,1,7,0,7,5,442,1,8,0,1,1,9,10,5,0,0,481,4,12,2,11,8,36,4,27,3,7,378,12,6,4,2,15,41,12,1,44,12,388
87,Control_v1_87,31.078125,(),inf,210,0.961206897,0.933810376,0.792756539,0.826262626,0.895196507,0.878552972,0.880952381,0.926470588,0.688888889,0.791304348,0.901010101,0.927175844,0.836518047,0.792635659,0.840163934,0.747252747,0.932773109,0.843212237,0.825819672,0.866666667,446,0,16,1,1,8,6,3,14,0,0,522,16,1,1,1,2,3,17,0,3,10,394,10,5,3,7,9,28,2,2,7,30,409,2,16,5,5,29,11,1,5,5,0,410,1,20,1,14,31,4,7,5,26,1,340,17,0,50,5,2,1,7,0,6,4,444,1,11,0,1,1,11,8,4,0,0,441,5,52,1,3,11,31,4,11,3,2,403,19,4,3,2,9,24,3,0,11,14,455
88,Control_v1_88,28.6875,(),inf,203,0.944897959,0.925217391,0.840262582,0.776223776,0.892933619,0.87960688,0.882703777,0.903288201,0.796875,0.803191489,0.935353535,0.944937833,0.815286624,0.860465116,0.854508197,0.786813187,0.932773109,0.89292543,0.731557377,0.862857143,463,0,12,3,1,1,6,4,5,0,0,532,10,2,1,2,1,1,14,0,5,12,384,15,6,3,7,13,24,2,3,6,20,444,0,12,5,4,12,10,0,4,3,0,417,0,17,3,6,38,7,7,3,37,3,358,21,1,15,3,6,1,7,0,7,4,444,1,5,1,1,1,9,9,3,0,0,467,3,30,1,9,8,50,6,22,2,6,357,27,4,3,1,12,23,5,0,17,7,453
89,Control_v1_89,31.703125,(),3.631807056,231,0.95,0.910958904,0.819532909,0.816568047,0.889830508,0.82034632,0.893660532,0.881040892,0.743737958,0.866108787,0.921212121,0.944937833,0.819532909,0.802325581,0.860655738,0.832967033,0.918067227,0.906309751,0.790983607,0.788571429,456,0,12,2,1,9,5,3,7,0,0,532,10,2,1,2,1,1,14,0,4,12,386,14,4,4,6,11,28,2,2,8,30,414,1,23,6,7,20,5,1,7,5,0,420,1,16,4,11,23,5,7,2,24,0,379,16,0,20,2,5,1,9,0,7,8,437,1,8,0,1,1,8,8,3,0,0,474,6,22,2,12,7,34,4,26,2,5,386,10,4,4,2,9,31,10,0,32,19,414
90,Control_v1_90,33.703125,(),inf,236,0.965442765,0.929856115,0.781496063,0.806390977,0.897550111,0.873786408,0.903966597,0.866300366,0.728624535,0.829787234,0.903030303,0.918294849,0.842887473,0.831395349,0.825819672,0.791208791,0.909663866,0.904397706,0.803278689,0.817142857,447,0,19,1,1,4,4,4,15,0,0,517,19,1,1,2,0,2,21,0,1,9,397,14,3,3,6,14,22,2,2,6,28,429,1,13,4,8,18,7,0,6,5,0,403,1,17,5,12,39,5,7,4,29,0,360,14,1,32,3,3,1,14,0,7,5,433,2,10,1,1,1,9,7,5,0,0,473,5,22,1,5,11,41,4,12,1,7,392,14,3,4,2,10,24,12,0,30,11,429
91,Control_v1_91,29.53125,(),4.237430545,204,0.945010183,0.890939597,0.804081633,0.800376648,0.900452489,0.859564165,0.884231537,0.944915254,0.781584582,0.773869347,0.937373737,0.943161634,0.836518047,0.823643411,0.81557377,0.78021978,0.930672269,0.852772467,0.74795082,0.88,464,0,14,1,1,3,5,1,5,1,0,531,17,1,2,1,0,1,10,0,4,14,394,13,5,5,8,6,20,2,3,8,26,425,2,15,5,3,17,12,1,8,3,0,398,0,19,2,7,50,7,8,5,31,2,355,20,0,23,4,4,1,8,0,6,5,443,1,7,1,1,1,12,15,3,0,0,446,4,41,3,20,9,37,4,21,1,4,365,24,4,5,2,8,19,8,0,8,9,462
92,Control_v1_92,33.234375,(),inf,241,0.933198381,0.910169492,0.825,0.824110672,0.880753138,0.817596567,0.882703777,0.907843137,0.797752809,0.823863636,0.931313131,0.953818828,0.840764331,0.808139535,0.862704918,0.837362637,0.932773109,0.885277247,0.727459016,0.828571429,461,0,14,2,0,6,6,3,3,0,0,537,10,1,1,2,1,1,10,0,5,12,396,11,3,7,6,9,20,2,3,8,24,417,2,25,7,5,17,8,2,5,5,0,421,4,17,6,8,20,8,8,3,20,0,381,18,0,14,3,6,1,7,0,6,6,444,1,5,0,1,1,9,8,3,0,0,463,3,35,4,14,10,39,6,25,4,6,355,25,4,4,2,8,36,10,0,16,10,435
93,Control_v1_93,27.75,(),inf,199,0.946830266,0.897350993,0.831533477,0.817460317,0.896551724,0.846153846,0.884,0.891840607,0.750988142,0.840466926,0.935353535,0.962699822,0.817409766,0.798449612,0.852459016,0.797802198,0.928571429,0.898661568,0.778688525,0.822857143,463,0,13,0,0,4,6,3,6,0,0,542,5,2,1,2,1,1,9,0,3,16,385,10,5,5,7,11,27,2,2,9,29,412,1,21,6,6,24,6,1,6,3,0,416,1,18,4,10,29,6,8,5,23,1,363,18,1,27,3,6,1,6,0,7,6,442,1,7,0,1,1,8,11,4,0,0,470,4,24,3,16,7,34,5,17,2,6,380,18,4,5,2,12,24,10,0,24,12,432
94,Control_v1_94,27.140625,(),inf,189,0.950207469,0.891268534,0.805273834,0.880530973,0.89596603,0.827133479,0.893442623,0.927350427,0.76446281,0.760869565,0.925252525,0.960923623,0.842887473,0.771317829,0.864754098,0.830769231,0.915966387,0.829827916,0.758196721,0.866666667,458,0,11,1,0,8,5,1,10,1,0,541,9,1,2,2,1,1,6,0,4,17,397,6,4,3,7,8,23,2,3,8,34,398,1,27,6,6,17,16,0,7,3,0,422,0,16,4,10,26,5,7,3,13,1,378,15,0,26,7,5,3,9,0,7,7,436,1,7,1,1,1,11,4,4,0,0,434,5,63,2,19,14,22,4,24,2,4,370,27,4,4,2,7,26,8,0,9,10,455
95,Control_v1_95,27.984375,(),inf,196,0.946280992,0.92,0.778202677,0.862869198,0.887966805,0.849438202,0.899590164,0.892720307,0.799136069,0.808823529,0.925252525,0.939609236,0.864118896,0.792635659,0.87704918,0.830769231,0.922268908,0.891013384,0.758196721,0.838095238,458,0,17,1,1,5,5,3,5,0,0,529,16,1,2,1,1,1,12,0,3,9,407,4,3,6,5,11,21,2,4,7,36,409,2,19,6,7,15,11,0,4,3,0,428,2,14,5,6,26,7,8,5,16,2,378,17,0,16,6,6,1,12,0,6,5,439,1,5,1,1,1,12,5,4,0,0,466,4,30,1,13,13,31,4,21,1,6,370,28,4,3,2,7,30,8,0,22,9,440
96,Control_v1_96,26.15625,(),inf,185,0.935871743,0.922413793,0.802816901,0.843298969,0.915137615,0.802443992,0.889112903,0.91563786,0.819905213,0.754934211,0.943434343,0.95026643,0.847133758,0.792635659,0.817622951,0.865934066,0.926470588,0.850860421,0.709016393,0.874285714,467,0,15,0,0,5,5,1,1,1,0,535,13,1,1,2,1,1,9,0,6,11,399,9,2,7,6,12,17,2,3,6,30,409,2,26,6,6,17,11,1,5,6,0,399,3,18,5,8,43,7,6,4,14,0,394,16,0,9,5,6,1,8,0,6,6,441,1,5,2,1,1,8,6,4,0,0,445,2,56,4,12,11,37,5,37,3,4,346,29,4,3,3,9,17,11,0,11,8,459
97,Control_v1_97,37.46875,(),inf,258,0.926587302,0.912068966,0.787276342,0.809055118,0.867617108,0.845804989,0.892929293,0.878957169,0.782881002,0.867965368,0.943434343,0.939609236,0.840764331,0.796511628,0.87295082,0.81978022,0.928571429,0.90248566,0.768442623,0.763809524,467,0,15,1,1,2,5,2,2,0,0,529,17,1,1,1,1,1,12,0,6,11,396,13,4,3,7,9,20,2,5,7,34,411,2,19,5,5,22,6,3,6,4,1,426,1,17,2,8,20,8,7,6,21,1,373,17,1,18,3,6,1,7,0,7,6,442,1,6,0,2,1,9,14,3,0,0,472,4,18,2,14,13,34,5,25,1,7,375,12,5,4,2,12,41,11,0,37,12,401
98,Control_v1_98,24.78125,(),inf,174,0.966960352,0.915951973,0.85,0.783393502,0.908277405,0.815677966,0.901639344,0.891013384,0.743190661,0.832380952,0.886868687,0.948490231,0.794055202,0.841085271,0.831967213,0.846153846,0.924369748,0.891013384,0.782786885,0.832380952,439,0,13,5,0,18,6,4,10,0,0,534,7,2,2,2,1,1,14,0,2,12,374,21,3,7,7,13,30,2,2,6,22,434,1,19,4,4,18,6,0,5,3,2,406,2,15,6,14,35,5,8,3,21,0,385,13,0,17,3,1,1,7,0,6,9,440,1,11,0,1,1,6,12,5,0,0,466,6,26,1,11,3,43,3,22,2,5,382,16,3,5,2,14,21,8,0,23,12,437
99,Control_v1_99,31.546875,(),inf,212,0.954166667,0.903061224,0.824524313,0.841237113,0.878151261,0.905263158,0.890909091,0.863636364,0.726618705,0.82205029,0.925252525,0.943161634,0.828025478,0.790697674,0.856557377,0.756043956,0.926470588,0.908221797,0.827868852,0.80952381,458,0,12,1,1,4,6,4,9,0,0,531,10,2,1,1,1,2,15,0,2,12,390,12,3,3,6,13,28,2,2,9,29,408,2,13,6,8,26,13,0,6,3,0,418,0,16,8,10,27,7,8,4,27,3,344,17,2,36,7,5,1,6,0,6,5,441,2,9,1,1,1,8,3,4,0,0,475,7,24,1,15,9,24,5,6,2,4,404,18,4,5,2,8,33,4,0,32,12,425
,,,,,,,,,,,,,,,,,,,,,,,,,,,,,,,,,,,,,,,,,,,,,,,,,,,,,,,,,,,,,,,,,,,,,,,,,,,,,,,,,,,,,,,,,,,,,,,,,,,,,,,,,,,,,,,,,,,,,,,,,,,,,
AVERAGES:,,28.215625,,3.992891419,197.68,0.947552473,0.913432445,0.810809908,0.819008563,0.879372473,0.852265253,0.890454942,0.889290728,0.757134103,0.827795482,0.929878788,0.941651865,0.829002123,0.808624031,0.858995902,0.805516484,0.924285714,0.889808795,0.766905738,0.813219048,,,,,,,,,,,,,,,,,,,,,,,,,,,,,,,,,,,,,,,,,,,,,,,,,,,,,,,,,,,,,,,,,,,,,,,,,,,,,,,,,,,,,,,,,,,,,,,,,,,,
